id,date,store_nbr,family,sales,onpromotion,output
0,None,1,AUTOMOTIVE,0,0,0
1,1/1/2013,1,BABY CARE,0,0,0
2,1/1/2013,1,BEAUTY,0,0,0
3,1/1/2013,1,BEVERAGES,0,0,0
4,1/1/2013,1,BOOKS,0,0,0
5,1/1/2013,1,BREAD/BAKERY,0,0,0
6,1/1/2013,1,CELEBRATION,0,0,0
7,1/1/2013,1,CLEANING,0,0,0
8,1/1/2013,1,DAIRY,0,0,0
9,1/1/2013,1,DELI,0,0,0
10,1/1/2013,1,EGGS,0,0,0
11,1/1/2013,1,FROZEN FOODS,0,0,0
12,1/1/2013,1,GROCERY I,0,0,0
13,1/1/2013,1,GROCERY II,0,0,0
14,1/1/2013,1,HARDWARE,0,0,0
15,1/1/2013,1,HOME AND KITCHEN I,0,0,0
16,1/1/2013,1,HOME AND KITCHEN II,0,0,0
17,1/1/2013,1,HOME APPLIANCES,0,0,0
18,1/1/2013,1,HOME CARE,0,0,0
19,1/1/2013,1,LADIESWEAR,0,0,0
20,1/1/2013,1,LAWN AND GARDEN,0,0,0
21,1/1/2013,1,LINGERIE,0,0,0
22,1/1/2013,1,"LIQUOR,WINE,BEER",0,0,0
23,1/1/2013,1,MAGAZINES,0,0,0
24,1/1/2013,1,MEATS,0,0,0
25,1/1/2013,1,PERSONAL CARE,0,0,0
26,1/1/2013,1,PET SUPPLIES,0,0,0
27,1/1/2013,1,PLAYERS AND ELECTRONICS,0,0,0
28,1/1/2013,1,POULTRY,0,0,0
29,1/1/2013,1,PREPARED FOODS,0,0,0
30,1/1/2013,1,PRODUCE,0,0,0
31,1/1/2013,1,SCHOOL AND OFFICE SUPPLIES,0,0,0
32,1/1/2013,1,SEAFOOD,0,0,0
33,1/1/2013,10,AUTOMOTIVE,0,0,0
34,1/1/2013,10,BABY CARE,0,0,0
35,1/1/2013,10,BEAUTY,0,0,0
36,1/1/2013,10,BEVERAGES,0,0,0
37,1/1/2013,10,BOOKS,0,0,0
38,1/1/2013,10,BREAD/BAKERY,0,0,0
39,1/1/2013,10,CELEBRATION,0,0,0
40,1/1/2013,10,CLEANING,0,0,0
41,1/1/2013,10,DAIRY,0,0,0
42,1/1/2013,10,DELI,0,0,0
43,1/1/2013,10,EGGS,0,0,0
44,1/1/2013,10,FROZEN FOODS,0,0,0
45,1/1/2013,10,GROCERY I,0,0,0
46,1/1/2013,10,GROCERY II,0,0,0
47,1/1/2013,10,HARDWARE,0,0,0
48,1/1/2013,10,HOME AND KITCHEN I,0,0,0
49,1/1/2013,10,HOME AND KITCHEN II,0,0,0
50,1/1/2013,10,HOME APPLIANCES,0,0,0
51,1/1/2013,10,HOME CARE,0,0,0
52,1/1/2013,10,LADIESWEAR,0,0,0
53,1/1/2013,10,LAWN AND GARDEN,0,0,0
54,1/1/2013,10,LINGERIE,0,0,0
55,1/1/2013,10,"LIQUOR,WINE,BEER",0,0,0
56,1/1/2013,10,MAGAZINES,0,0,0
57,1/1/2013,10,MEATS,0,0,0
58,1/1/2013,10,PERSONAL CARE,0,0,0
59,1/1/2013,10,PET SUPPLIES,0,0,0
60,1/1/2013,10,PLAYERS AND ELECTRONICS,0,0,0
61,1/1/2013,10,POULTRY,0,0,0
62,1/1/2013,10,PREPARED FOODS,0,0,0
63,1/1/2013,10,PRODUCE,0,0,0
64,1/1/2013,10,SCHOOL AND OFFICE SUPPLIES,0,0,0
65,1/1/2013,10,SEAFOOD,0,0,0
66,1/1/2013,11,AUTOMOTIVE,0,0,0
67,1/1/2013,11,BABY CARE,0,0,0
68,1/1/2013,11,BEAUTY,0,0,0
69,1/1/2013,11,BEVERAGES,0,0,0
70,1/1/2013,11,BOOKS,0,0,0
71,1/1/2013,11,BREAD/BAKERY,0,0,0
72,1/1/2013,11,CELEBRATION,0,0,0
73,1/1/2013,11,CLEANING,0,0,0
74,1/1/2013,11,DAIRY,0,0,0
75,1/1/2013,11,DELI,0,0,0
76,1/1/2013,11,EGGS,0,0,0
77,1/1/2013,11,FROZEN FOODS,0,0,0
78,1/1/2013,11,GROCERY I,0,0,0
79,1/1/2013,11,GROCERY II,0,0,0
80,1/1/2013,11,HARDWARE,0,0,0
81,1/1/2013,11,HOME AND KITCHEN I,0,0,0
82,1/1/2013,11,HOME AND KITCHEN II,0,0,0
83,1/1/2013,11,HOME APPLIANCES,0,0,0
84,1/1/2013,11,HOME CARE,0,0,0
85,1/1/2013,11,LADIESWEAR,0,0,0
86,1/1/2013,11,LAWN AND GARDEN,0,0,0
87,1/1/2013,11,LINGERIE,0,0,0
88,1/1/2013,11,"LIQUOR,WINE,BEER",0,0,0
89,1/1/2013,11,MAGAZINES,0,0,0
90,1/1/2013,11,MEATS,0,0,0
91,1/1/2013,11,PERSONAL CARE,0,0,0
92,1/1/2013,11,PET SUPPLIES,0,0,0
93,1/1/2013,11,PLAYERS AND ELECTRONICS,0,0,0
94,1/1/2013,11,POULTRY,0,0,0
95,1/1/2013,11,PREPARED FOODS,0,0,0
96,1/1/2013,11,PRODUCE,0,0,0
97,1/1/2013,11,SCHOOL AND OFFICE SUPPLIES,0,0,0
98,1/1/2013,11,SEAFOOD,0,0,0
99,1/1/2013,12,AUTOMOTIVE,0,0,0
100,1/1/2013,12,BABY CARE,0,0,0
101,1/1/2013,12,BEAUTY,0,0,0
102,1/1/2013,12,BEVERAGES,0,0,0
103,1/1/2013,12,BOOKS,0,0,0
104,1/1/2013,12,BREAD/BAKERY,0,0,0
105,1/1/2013,12,CELEBRATION,0,0,0
106,1/1/2013,12,CLEANING,0,0,0
107,1/1/2013,12,DAIRY,0,0,0
108,1/1/2013,12,DELI,0,0,0
109,1/1/2013,12,EGGS,0,0,0
110,1/1/2013,12,FROZEN FOODS,0,0,0
111,1/1/2013,12,GROCERY I,0,0,0
112,1/1/2013,12,GROCERY II,0,0,0
113,1/1/2013,12,HARDWARE,0,0,0
114,1/1/2013,12,HOME AND KITCHEN I,0,0,0
115,1/1/2013,12,HOME AND KITCHEN II,0,0,0
116,1/1/2013,12,HOME APPLIANCES,0,0,0
117,1/1/2013,12,HOME CARE,0,0,0
118,1/1/2013,12,LADIESWEAR,0,0,0
119,1/1/2013,12,LAWN AND GARDEN,0,0,0
120,1/1/2013,12,LINGERIE,0,0,0
121,1/1/2013,12,"LIQUOR,WINE,BEER",0,0,0
122,1/1/2013,12,MAGAZINES,0,0,0
123,1/1/2013,12,MEATS,0,0,0
124,1/1/2013,12,PERSONAL CARE,0,0,0
125,1/1/2013,12,PET SUPPLIES,0,0,0
126,1/1/2013,12,PLAYERS AND ELECTRONICS,0,0,0
127,1/1/2013,12,POULTRY,0,0,0
128,1/1/2013,12,PREPARED FOODS,0,0,0
129,1/1/2013,12,PRODUCE,0,0,0
130,1/1/2013,12,SCHOOL AND OFFICE SUPPLIES,0,0,0
131,1/1/2013,12,SEAFOOD,0,0,0
132,1/1/2013,13,AUTOMOTIVE,0,0,0
133,1/1/2013,13,BABY CARE,0,0,0
134,1/1/2013,13,BEAUTY,0,0,0
135,1/1/2013,13,BEVERAGES,0,0,0
136,1/1/2013,13,BOOKS,0,0,0
137,1/1/2013,13,BREAD/BAKERY,0,0,0
138,1/1/2013,13,CELEBRATION,0,0,0
139,1/1/2013,13,CLEANING,0,0,0
140,1/1/2013,13,DAIRY,0,0,0
141,1/1/2013,13,DELI,0,0,0
142,1/1/2013,13,EGGS,0,0,0
143,1/1/2013,13,FROZEN FOODS,0,0,0
144,1/1/2013,13,GROCERY I,0,0,0
145,1/1/2013,13,GROCERY II,0,0,0
146,1/1/2013,13,HARDWARE,0,0,0
147,1/1/2013,13,HOME AND KITCHEN I,0,0,0
148,1/1/2013,13,HOME AND KITCHEN II,0,0,0
149,1/1/2013,13,HOME APPLIANCES,0,0,0
150,1/1/2013,13,HOME CARE,0,0,0
151,1/1/2013,13,LADIESWEAR,0,0,0
152,1/1/2013,13,LAWN AND GARDEN,0,0,0
153,1/1/2013,13,LINGERIE,0,0,0
154,1/1/2013,13,"LIQUOR,WINE,BEER",0,0,0
155,1/1/2013,13,MAGAZINES,0,0,0
156,1/1/2013,13,MEATS,0,0,0
157,1/1/2013,13,PERSONAL CARE,0,0,0
158,1/1/2013,13,PET SUPPLIES,0,0,0
159,1/1/2013,13,PLAYERS AND ELECTRONICS,0,0,0
160,1/1/2013,13,POULTRY,0,0,0
161,1/1/2013,13,PREPARED FOODS,0,0,0
162,1/1/2013,13,PRODUCE,0,0,0
163,1/1/2013,13,SCHOOL AND OFFICE SUPPLIES,0,0,0
164,1/1/2013,13,SEAFOOD,0,0,0
165,1/1/2013,14,AUTOMOTIVE,0,0,0
166,1/1/2013,14,BABY CARE,0,0,0
167,1/1/2013,14,BEAUTY,0,0,0
168,1/1/2013,14,BEVERAGES,0,0,0
169,1/1/2013,14,BOOKS,0,0,0
170,1/1/2013,14,BREAD/BAKERY,0,0,0
171,1/1/2013,14,CELEBRATION,0,0,0
172,1/1/2013,14,CLEANING,0,0,0
173,1/1/2013,14,DAIRY,0,0,0
174,1/1/2013,14,DELI,0,0,0
175,1/1/2013,14,EGGS,0,0,0
176,1/1/2013,14,FROZEN FOODS,0,0,0
177,1/1/2013,14,GROCERY I,0,0,0
178,1/1/2013,14,GROCERY II,0,0,0
179,1/1/2013,14,HARDWARE,0,0,0
180,1/1/2013,14,HOME AND KITCHEN I,0,0,0
181,1/1/2013,14,HOME AND KITCHEN II,0,0,0
182,1/1/2013,14,HOME APPLIANCES,0,0,0
183,1/1/2013,14,HOME CARE,0,0,0
184,1/1/2013,14,LADIESWEAR,0,0,0
185,1/1/2013,14,LAWN AND GARDEN,0,0,1
186,1/1/2013,14,LINGERIE,0,0,1
187,1/1/2013,14,"LIQUOR,WINE,BEER",0,0,1
188,1/1/2013,14,MAGAZINES,0,0,1
189,1/1/2013,14,MEATS,0,0,1
190,1/1/2013,14,PERSONAL CARE,0,0,1
191,1/1/2013,14,PET SUPPLIES,0,0,1
192,1/1/2013,14,PLAYERS AND ELECTRONICS,0,0,1
193,1/1/2013,14,POULTRY,0,0,1
194,1/1/2013,14,PREPARED FOODS,0,0,1
195,1/1/2013,14,PRODUCE,0,0,1
196,1/1/2013,14,SCHOOL AND OFFICE SUPPLIES,0,0,1
197,1/1/2013,14,SEAFOOD,0,0,1
198,1/1/2013,15,AUTOMOTIVE,0,0,1
199,1/1/2013,15,BABY CARE,0,0,1
200,1/1/2013,15,BEAUTY,0,0,1
201,1/1/2013,15,BEVERAGES,0,0,1
202,1/1/2013,15,BOOKS,0,0,1
203,1/1/2013,15,BREAD/BAKERY,0,0,1
204,1/1/2013,15,CELEBRATION,0,0,1
205,1/1/2013,15,CLEANING,0,0,1
206,1/1/2013,15,DAIRY,0,0,1
207,1/1/2013,15,DELI,0,0,1
208,1/1/2013,15,EGGS,0,0,1
209,1/1/2013,15,FROZEN FOODS,0,0,1
210,1/1/2013,15,GROCERY I,0,0,1
211,1/1/2013,15,GROCERY II,0,0,1
212,1/1/2013,15,HARDWARE,0,0,1
213,1/1/2013,15,HOME AND KITCHEN I,0,0,1
214,1/1/2013,15,HOME AND KITCHEN II,0,0,1
215,1/1/2013,15,HOME APPLIANCES,0,0,1
216,1/1/2013,15,HOME CARE,0,0,1
217,1/1/2013,15,LADIESWEAR,0,0,1
218,1/1/2013,15,LAWN AND GARDEN,0,0,1
219,1/1/2013,15,LINGERIE,0,0,1
220,1/1/2013,15,"LIQUOR,WINE,BEER",0,0,1
221,1/1/2013,15,MAGAZINES,0,0,1
222,1/1/2013,15,MEATS,0,0,1
223,1/1/2013,15,PERSONAL CARE,0,0,1
224,1/1/2013,15,PET SUPPLIES,0,0,1
225,1/1/2013,15,PLAYERS AND ELECTRONICS,0,0,1
226,1/1/2013,15,POULTRY,0,0,1
227,1/1/2013,15,PREPARED FOODS,0,0,1
228,1/1/2013,15,PRODUCE,0,0,1
229,1/1/2013,15,SCHOOL AND OFFICE SUPPLIES,0,0,1
230,1/1/2013,15,SEAFOOD,0,0,1
231,1/1/2013,16,AUTOMOTIVE,0,0,1
232,1/1/2013,16,BABY CARE,0,0,1
233,1/1/2013,16,BEAUTY,0,0,1
234,1/1/2013,16,BEVERAGES,0,0,1
235,1/1/2013,16,BOOKS,0,0,1
236,1/1/2013,16,BREAD/BAKERY,0,0,1
237,1/1/2013,16,CELEBRATION,0,0,1
238,1/1/2013,16,CLEANING,0,0,1
239,1/1/2013,16,DAIRY,0,0,1
240,1/1/2013,16,DELI,0,0,1
241,1/1/2013,16,EGGS,0,0,1
242,1/1/2013,16,FROZEN FOODS,0,0,1
243,1/1/2013,16,GROCERY I,0,0,1
244,1/1/2013,16,GROCERY II,0,0,1
245,1/1/2013,16,HARDWARE,0,0,1
246,1/1/2013,16,HOME AND KITCHEN I,0,0,1
247,1/1/2013,16,HOME AND KITCHEN II,0,0,1
248,1/1/2013,16,HOME APPLIANCES,0,0,1
249,1/1/2013,16,HOME CARE,0,0,1
250,1/1/2013,16,LADIESWEAR,0,0,1
251,1/1/2013,16,LAWN AND GARDEN,0,0,1
252,1/1/2013,16,LINGERIE,0,0,1
253,1/1/2013,16,"LIQUOR,WINE,BEER",0,0,1
254,1/1/2013,16,MAGAZINES,0,0,1
255,1/1/2013,16,MEATS,0,0,1
256,1/1/2013,16,PERSONAL CARE,0,0,1
257,1/1/2013,16,PET SUPPLIES,0,0,1
258,1/1/2013,16,PLAYERS AND ELECTRONICS,0,0,1
259,1/1/2013,16,POULTRY,0,0,1
260,1/1/2013,16,PREPARED FOODS,0,0,1
261,1/1/2013,16,PRODUCE,0,0,1
262,1/1/2013,16,SCHOOL AND OFFICE SUPPLIES,0,0,1
263,1/1/2013,16,SEAFOOD,0,0,1
264,1/1/2013,17,AUTOMOTIVE,0,0,1
265,1/1/2013,17,BABY CARE,0,0,1
266,1/1/2013,17,BEAUTY,0,0,1
267,1/1/2013,17,BEVERAGES,0,0,1
268,1/1/2013,17,BOOKS,0,0,1
269,1/1/2013,17,BREAD/BAKERY,0,0,1
270,1/1/2013,17,CELEBRATION,0,0,1
271,1/1/2013,17,CLEANING,0,0,1
272,1/1/2013,17,DAIRY,0,0,1
273,1/1/2013,17,DELI,0,0,1
274,1/1/2013,17,EGGS,0,0,1
275,1/1/2013,17,FROZEN FOODS,0,0,1
276,1/1/2013,17,GROCERY I,0,0,1
277,1/1/2013,17,GROCERY II,0,0,1
278,1/1/2013,17,HARDWARE,0,0,1
279,1/1/2013,17,HOME AND KITCHEN I,0,0,1
280,1/1/2013,17,HOME AND KITCHEN II,0,0,1
281,1/1/2013,17,HOME APPLIANCES,0,0,1
282,1/1/2013,17,HOME CARE,0,0,1
283,1/1/2013,17,LADIESWEAR,0,0,1
284,1/1/2013,17,LAWN AND GARDEN,0,0,1
285,1/1/2013,17,LINGERIE,0,0,1
286,1/1/2013,17,"LIQUOR,WINE,BEER",0,0,1
287,1/1/2013,17,MAGAZINES,0,0,1
288,1/1/2013,17,MEATS,0,0,1
289,1/1/2013,17,PERSONAL CARE,0,0,1
290,1/1/2013,17,PET SUPPLIES,0,0,1
291,1/1/2013,17,PLAYERS AND ELECTRONICS,0,0,1
292,1/1/2013,17,POULTRY,0,0,1
293,1/1/2013,17,PREPARED FOODS,0,0,1
294,1/1/2013,17,PRODUCE,0,0,1
295,1/1/2013,17,SCHOOL AND OFFICE SUPPLIES,0,0,1
296,1/1/2013,17,SEAFOOD,0,0,1
297,1/1/2013,18,AUTOMOTIVE,0,0,1
298,1/1/2013,18,BABY CARE,0,0,1
299,1/1/2013,18,BEAUTY,0,0,1
300,1/1/2013,18,BEVERAGES,0,0,1
301,1/1/2013,18,BOOKS,0,0,1
302,1/1/2013,18,BREAD/BAKERY,0,0,1
303,1/1/2013,18,CELEBRATION,0,0,1
304,1/1/2013,18,CLEANING,0,0,1
305,1/1/2013,18,DAIRY,0,0,1
306,1/1/2013,18,DELI,0,0,1
307,1/1/2013,18,EGGS,0,0,1
308,1/1/2013,18,FROZEN FOODS,0,0,1
309,1/1/2013,18,GROCERY I,0,0,1
310,1/1/2013,18,GROCERY II,0,0,1
311,1/1/2013,18,HARDWARE,0,0,1
312,1/1/2013,18,HOME AND KITCHEN I,0,0,1
313,1/1/2013,18,HOME AND KITCHEN II,0,0,1
314,1/1/2013,18,HOME APPLIANCES,0,0,1
315,1/1/2013,18,HOME CARE,0,0,1
316,1/1/2013,18,LADIESWEAR,0,0,1
317,1/1/2013,18,LAWN AND GARDEN,0,0,1
318,1/1/2013,18,LINGERIE,0,0,1
319,1/1/2013,18,"LIQUOR,WINE,BEER",0,0,1
320,1/1/2013,18,MAGAZINES,0,0,1
321,1/1/2013,18,MEATS,0,0,1
322,1/1/2013,18,PERSONAL CARE,0,0,1
323,1/1/2013,18,PET SUPPLIES,0,0,1
324,1/1/2013,18,PLAYERS AND ELECTRONICS,0,0,1
325,1/1/2013,18,POULTRY,0,0,1
326,1/1/2013,18,PREPARED FOODS,0,0,1
327,1/1/2013,18,PRODUCE,0,0,1
328,1/1/2013,18,SCHOOL AND OFFICE SUPPLIES,0,0,1
329,1/1/2013,18,SEAFOOD,0,0,1
330,1/1/2013,19,AUTOMOTIVE,0,0,1
331,1/1/2013,19,BABY CARE,0,0,1
332,1/1/2013,19,BEAUTY,0,0,1
333,1/1/2013,19,BEVERAGES,0,0,1
334,1/1/2013,19,BOOKS,0,0,1
335,1/1/2013,19,BREAD/BAKERY,0,0,1
336,1/1/2013,19,CELEBRATION,0,0,1
337,1/1/2013,19,CLEANING,0,0,1
338,1/1/2013,19,DAIRY,0,0,1
339,1/1/2013,19,DELI,0,0,1
340,1/1/2013,19,EGGS,0,0,1
341,1/1/2013,19,FROZEN FOODS,0,0,1
342,1/1/2013,19,GROCERY I,0,0,1
343,1/1/2013,19,GROCERY II,0,0,1
344,1/1/2013,19,HARDWARE,0,0,1
345,1/1/2013,19,HOME AND KITCHEN I,0,0,1
346,1/1/2013,19,HOME AND KITCHEN II,0,0,1
347,1/1/2013,19,HOME APPLIANCES,0,0,1
348,1/1/2013,19,HOME CARE,0,0,1
349,1/1/2013,19,LADIESWEAR,0,0,1
350,1/1/2013,19,LAWN AND GARDEN,0,0,1
351,1/1/2013,19,LINGERIE,0,0,1
352,1/1/2013,19,"LIQUOR,WINE,BEER",0,0,1
353,1/1/2013,19,MAGAZINES,0,0,1
354,1/1/2013,19,MEATS,0,0,1
355,1/1/2013,19,PERSONAL CARE,0,0,1
356,1/1/2013,19,PET SUPPLIES,0,0,1
357,1/1/2013,19,PLAYERS AND ELECTRONICS,0,0,1
358,1/1/2013,19,POULTRY,0,0,1
359,1/1/2013,19,PREPARED FOODS,0,0,1
360,1/1/2013,19,PRODUCE,0,0,1
361,1/1/2013,19,SCHOOL AND OFFICE SUPPLIES,0,0,1
362,1/1/2013,19,SEAFOOD,0,0,1
363,1/1/2013,2,AUTOMOTIVE,0,0,1
364,1/1/2013,2,BABY CARE,0,0,1
365,1/1/2013,2,BEAUTY,0,0,1
366,1/1/2013,2,BEVERAGES,0,0,1
367,1/1/2013,2,BOOKS,0,0,1
368,1/1/2013,2,BREAD/BAKERY,0,0,1
369,1/1/2013,2,CELEBRATION,0,0,1
370,1/1/2013,2,CLEANING,0,0,1
371,1/1/2013,2,DAIRY,0,0,1
372,1/1/2013,2,DELI,0,0,1
373,1/1/2013,2,EGGS,0,0,1
374,1/1/2013,2,FROZEN FOODS,0,0,1
375,1/1/2013,2,GROCERY I,0,0,1
376,1/1/2013,2,GROCERY II,0,0,1
377,1/1/2013,2,HARDWARE,0,0,1
378,1/1/2013,2,HOME AND KITCHEN I,0,0,1
379,1/1/2013,2,HOME AND KITCHEN II,0,0,1
380,1/1/2013,2,HOME APPLIANCES,0,0,1
381,1/1/2013,2,HOME CARE,0,0,1
382,1/1/2013,2,LADIESWEAR,0,0,1
383,1/1/2013,2,LAWN AND GARDEN,0,0,1
384,1/1/2013,2,LINGERIE,0,0,1
385,1/1/2013,2,"LIQUOR,WINE,BEER",0,0,1
386,1/1/2013,2,MAGAZINES,0,0,1
387,1/1/2013,2,MEATS,0,0,1
388,1/1/2013,2,PERSONAL CARE,0,0,1
389,1/1/2013,2,PET SUPPLIES,0,0,1
390,1/1/2013,2,PLAYERS AND ELECTRONICS,0,0,1
391,1/1/2013,2,POULTRY,0,0,1
392,1/1/2013,2,PREPARED FOODS,0,0,1
393,1/1/2013,2,PRODUCE,0,0,1
394,1/1/2013,2,SCHOOL AND OFFICE SUPPLIES,0,0,1
395,1/1/2013,2,SEAFOOD,0,0,1
396,1/1/2013,20,AUTOMOTIVE,0,0,1
397,1/1/2013,20,BABY CARE,0,0,1
398,1/1/2013,20,BEAUTY,0,0,1
399,1/1/2013,20,BEVERAGES,0,0,1
400,1/1/2013,20,BOOKS,0,0,1
401,1/1/2013,20,BREAD/BAKERY,0,0,1
402,1/1/2013,20,CELEBRATION,0,0,1
403,1/1/2013,20,CLEANING,0,0,1
404,1/1/2013,20,DAIRY,0,0,1
405,1/1/2013,20,DELI,0,0,1
406,1/1/2013,20,EGGS,0,0,1
407,1/1/2013,20,FROZEN FOODS,0,0,1
408,1/1/2013,20,GROCERY I,0,0,1
409,1/1/2013,20,GROCERY II,0,0,1
410,1/1/2013,20,HARDWARE,0,0,1
411,1/1/2013,20,HOME AND KITCHEN I,0,0,1
412,1/1/2013,20,HOME AND KITCHEN II,0,0,1
413,1/1/2013,20,HOME APPLIANCES,0,0,1
414,1/1/2013,20,HOME CARE,0,0,1
415,1/1/2013,20,LADIESWEAR,0,0,1
416,1/1/2013,20,LAWN AND GARDEN,0,0,1
417,1/1/2013,20,LINGERIE,0,0,1
418,1/1/2013,20,"LIQUOR,WINE,BEER",0,0,1
419,1/1/2013,20,MAGAZINES,0,0,1
420,1/1/2013,20,MEATS,0,0,1
421,1/1/2013,20,PERSONAL CARE,0,0,1
422,1/1/2013,20,PET SUPPLIES,0,0,1
423,1/1/2013,20,PLAYERS AND ELECTRONICS,0,0,1
424,1/1/2013,20,POULTRY,0,0,1
425,1/1/2013,20,PREPARED FOODS,0,0,1
426,1/1/2013,20,PRODUCE,0,0,1
427,1/1/2013,20,SCHOOL AND OFFICE SUPPLIES,0,0,1
428,1/1/2013,20,SEAFOOD,0,0,1
429,1/1/2013,21,AUTOMOTIVE,0,0,1
430,1/1/2013,21,BABY CARE,0,0,1
431,1/1/2013,21,BEAUTY,0,0,1
432,1/1/2013,21,BEVERAGES,0,0,1
433,1/1/2013,21,BOOKS,0,0,1
434,1/1/2013,21,BREAD/BAKERY,0,0,1
435,1/1/2013,21,CELEBRATION,0,0,1
436,1/1/2013,21,CLEANING,0,0,1
437,1/1/2013,21,DAIRY,0,0,1
438,1/1/2013,21,DELI,0,0,1
439,1/1/2013,21,EGGS,0,0,1
440,1/1/2013,21,FROZEN FOODS,0,0,1
441,1/1/2013,21,GROCERY I,0,0,1
442,1/1/2013,21,GROCERY II,0,0,1
443,1/1/2013,21,HARDWARE,0,0,1
444,1/1/2013,21,HOME AND KITCHEN I,0,0,1
445,1/1/2013,21,HOME AND KITCHEN II,0,0,1
446,1/1/2013,21,HOME APPLIANCES,0,0,1
447,1/1/2013,21,HOME CARE,0,0,1
448,1/1/2013,21,LADIESWEAR,0,0,1
449,1/1/2013,21,LAWN AND GARDEN,0,0,1
450,1/1/2013,21,LINGERIE,0,0,1
451,1/1/2013,21,"LIQUOR,WINE,BEER",0,0,1
452,1/1/2013,21,MAGAZINES,0,0,1
453,1/1/2013,21,MEATS,0,0,1
454,1/1/2013,21,PERSONAL CARE,0,0,1
455,1/1/2013,21,PET SUPPLIES,0,0,1
456,1/1/2013,21,PLAYERS AND ELECTRONICS,0,0,1
457,1/1/2013,21,POULTRY,0,0,1
458,1/1/2013,21,PREPARED FOODS,0,0,1
459,1/1/2013,21,PRODUCE,0,0,1
460,1/1/2013,21,SCHOOL AND OFFICE SUPPLIES,0,0,1
461,1/1/2013,21,SEAFOOD,0,0,1
462,1/1/2013,22,AUTOMOTIVE,0,0,1
463,1/1/2013,22,BABY CARE,0,0,1
464,1/1/2013,22,BEAUTY,0,0,1
465,1/1/2013,22,BEVERAGES,0,0,1
466,1/1/2013,22,BOOKS,0,0,1
467,1/1/2013,22,BREAD/BAKERY,0,0,1
468,1/1/2013,22,CELEBRATION,0,0,1
469,1/1/2013,22,CLEANING,0,0,1
470,1/1/2013,22,DAIRY,0,0,1
471,1/1/2013,22,DELI,0,0,1
472,1/1/2013,22,EGGS,0,0,1
473,1/1/2013,22,FROZEN FOODS,0,0,1
474,1/1/2013,22,GROCERY I,0,0,1
475,1/1/2013,22,GROCERY II,0,0,1
476,1/1/2013,22,HARDWARE,0,0,1
477,1/1/2013,22,HOME AND KITCHEN I,0,0,1
478,1/1/2013,22,HOME AND KITCHEN II,0,0,1
479,1/1/2013,22,HOME APPLIANCES,0,0,1
480,1/1/2013,22,HOME CARE,0,0,1
481,1/1/2013,22,LADIESWEAR,0,0,1
482,1/1/2013,22,LAWN AND GARDEN,0,0,1
483,1/1/2013,22,LINGERIE,0,0,1
484,1/1/2013,22,"LIQUOR,WINE,BEER",0,0,1
485,1/1/2013,22,MAGAZINES,0,0,1
486,1/1/2013,22,MEATS,0,0,1
487,1/1/2013,22,PERSONAL CARE,0,0,1
488,1/1/2013,22,PET SUPPLIES,0,0,1
489,1/1/2013,22,PLAYERS AND ELECTRONICS,0,0,1
490,1/1/2013,22,POULTRY,0,0,1
491,1/1/2013,22,PREPARED FOODS,0,0,1
492,1/1/2013,22,PRODUCE,0,0,1
493,1/1/2013,22,SCHOOL AND OFFICE SUPPLIES,0,0,1
494,1/1/2013,22,SEAFOOD,0,0,1
495,1/1/2013,23,AUTOMOTIVE,0,0,1
496,1/1/2013,23,BABY CARE,0,0,1
497,1/1/2013,23,BEAUTY,0,0,1
498,1/1/2013,23,BEVERAGES,0,0,1
499,1/1/2013,23,BOOKS,0,0,1
500,1/1/2013,23,BREAD/BAKERY,0,0,1
501,1/1/2013,23,CELEBRATION,0,0,1
502,1/1/2013,23,CLEANING,0,0,1
503,1/1/2013,23,DAIRY,0,0,1
504,1/1/2013,23,DELI,0,0,1
505,1/1/2013,23,EGGS,0,0,1
506,1/1/2013,23,FROZEN FOODS,0,0,1
507,1/1/2013,23,GROCERY I,0,0,1
508,1/1/2013,23,GROCERY II,0,0,1
509,1/1/2013,23,HARDWARE,0,0,1
510,1/1/2013,23,HOME AND KITCHEN I,0,0,1
511,1/1/2013,23,HOME AND KITCHEN II,0,0,1
512,1/1/2013,23,HOME APPLIANCES,0,0,1
513,1/1/2013,23,HOME CARE,0,0,1
514,1/1/2013,23,LADIESWEAR,0,0,1
515,1/1/2013,23,LAWN AND GARDEN,0,0,1
516,1/1/2013,23,LINGERIE,0,0,1
517,1/1/2013,23,"LIQUOR,WINE,BEER",0,0,1
518,1/1/2013,23,MAGAZINES,0,0,1
519,1/1/2013,23,MEATS,0,0,1
520,1/1/2013,23,PERSONAL CARE,0,0,1
521,1/1/2013,23,PET SUPPLIES,0,0,1
522,1/1/2013,23,PLAYERS AND ELECTRONICS,0,0,1
523,1/1/2013,23,POULTRY,0,0,1
524,1/1/2013,23,PREPARED FOODS,0,0,1
525,1/1/2013,23,PRODUCE,0,0,1
526,1/1/2013,23,SCHOOL AND OFFICE SUPPLIES,0,0,1
527,1/1/2013,23,SEAFOOD,0,0,1
528,1/1/2013,24,AUTOMOTIVE,0,0,1
529,1/1/2013,24,BABY CARE,0,0,1
530,1/1/2013,24,BEAUTY,0,0,1
531,1/1/2013,24,BEVERAGES,0,0,1
532,1/1/2013,24,BOOKS,0,0,1
533,1/1/2013,24,BREAD/BAKERY,0,0,1
534,1/1/2013,24,CELEBRATION,0,0,1
535,1/1/2013,24,CLEANING,0,0,1
536,1/1/2013,24,DAIRY,0,0,1
537,1/1/2013,24,DELI,0,0,1
538,1/1/2013,24,EGGS,0,0,1
539,1/1/2013,24,FROZEN FOODS,0,0,1
540,1/1/2013,24,GROCERY I,0,0,1
541,1/1/2013,24,GROCERY II,0,0,1
542,1/1/2013,24,HARDWARE,0,0,1
543,1/1/2013,24,HOME AND KITCHEN I,0,0,1
544,1/1/2013,24,HOME AND KITCHEN II,0,0,1
545,1/1/2013,24,HOME APPLIANCES,0,0,1
546,1/1/2013,24,HOME CARE,0,0,1
547,1/1/2013,24,LADIESWEAR,0,0,1
548,1/1/2013,24,LAWN AND GARDEN,0,0,1
549,1/1/2013,24,LINGERIE,0,0,1
550,1/1/2013,24,"LIQUOR,WINE,BEER",0,0,1
551,1/1/2013,24,MAGAZINES,0,0,1
552,1/1/2013,24,MEATS,0,0,1
553,1/1/2013,24,PERSONAL CARE,0,0,1
554,1/1/2013,24,PET SUPPLIES,0,0,1
555,1/1/2013,24,PLAYERS AND ELECTRONICS,0,0,1
556,1/1/2013,24,POULTRY,0,0,1
557,1/1/2013,24,PREPARED FOODS,0,0,1
558,1/1/2013,24,PRODUCE,0,0,1
559,1/1/2013,24,SCHOOL AND OFFICE SUPPLIES,0,0,1
560,1/1/2013,24,SEAFOOD,0,0,1
561,1/1/2013,25,AUTOMOTIVE,0,0,1
562,1/1/2013,25,BABY CARE,0,0,1
563,1/1/2013,25,BEAUTY,2,0,1
564,1/1/2013,25,BEVERAGES,810,0,1
565,1/1/2013,25,BOOKS,0,0,1
566,1/1/2013,25,BREAD/BAKERY,180.589,0,1
567,1/1/2013,25,CELEBRATION,0,0,1
568,1/1/2013,25,CLEANING,186,0,1
569,1/1/2013,25,DAIRY,143,0,1
570,1/1/2013,25,DELI,71.09,0,1
571,1/1/2013,25,EGGS,46,0,1
572,1/1/2013,25,FROZEN FOODS,29.654999,0,1
573,1/1/2013,25,GROCERY I,700,0,1
574,1/1/2013,25,GROCERY II,15,0,1
575,1/1/2013,25,HARDWARE,0,0,1
576,1/1/2013,25,HOME AND KITCHEN I,0,0,1
577,1/1/2013,25,HOME AND KITCHEN II,0,0,1
578,1/1/2013,25,HOME APPLIANCES,0,0,1
579,1/1/2013,25,HOME CARE,0,0,1
580,1/1/2013,25,LADIESWEAR,0,0,1
581,1/1/2013,25,LAWN AND GARDEN,2,0,1
582,1/1/2013,25,LINGERIE,5,0,1
583,1/1/2013,25,"LIQUOR,WINE,BEER",105,0,1
584,1/1/2013,25,MAGAZINES,0,0,1
585,1/1/2013,25,MEATS,110.801,0,1
586,1/1/2013,25,PERSONAL CARE,25,0,1
587,1/1/2013,25,PET SUPPLIES,0,0,1
588,1/1/2013,25,PLAYERS AND ELECTRONICS,0,0,1
589,1/1/2013,25,POULTRY,42.637,0,1
590,1/1/2013,25,PREPARED FOODS,37.847,0,1
591,1/1/2013,25,PRODUCE,0,0,1
592,1/1/2013,25,SCHOOL AND OFFICE SUPPLIES,0,0,1
593,1/1/2013,25,SEAFOOD,0,0,1
594,1/1/2013,26,AUTOMOTIVE,0,0,1
595,1/1/2013,26,BABY CARE,0,0,1
596,1/1/2013,26,BEAUTY,0,0,1
597,1/1/2013,26,BEVERAGES,0,0,1
598,1/1/2013,26,BOOKS,0,0,1
599,1/1/2013,26,BREAD/BAKERY,0,0,1
600,1/1/2013,26,CELEBRATION,0,0,1
601,1/1/2013,26,CLEANING,0,0,1
602,1/1/2013,26,DAIRY,0,0,1
603,1/1/2013,26,DELI,0,0,1
604,1/1/2013,26,EGGS,0,0,1
605,1/1/2013,26,FROZEN FOODS,0,0,1
606,1/1/2013,26,GROCERY I,0,0,1
607,1/1/2013,26,GROCERY II,0,0,1
608,1/1/2013,26,HARDWARE,0,0,1
609,1/1/2013,26,HOME AND KITCHEN I,0,0,1
610,1/1/2013,26,HOME AND KITCHEN II,0,0,1
611,1/1/2013,26,HOME APPLIANCES,0,0,1
612,1/1/2013,26,HOME CARE,0,0,1
613,1/1/2013,26,LADIESWEAR,0,0,1
614,1/1/2013,26,LAWN AND GARDEN,0,0,1
615,1/1/2013,26,LINGERIE,0,0,1
616,1/1/2013,26,"LIQUOR,WINE,BEER",0,0,1
617,1/1/2013,26,MAGAZINES,0,0,1
618,1/1/2013,26,MEATS,0,0,1
619,1/1/2013,26,PERSONAL CARE,0,0,1
620,1/1/2013,26,PET SUPPLIES,0,0,1
621,1/1/2013,26,PLAYERS AND ELECTRONICS,0,0,1
622,1/1/2013,26,POULTRY,0,0,1
623,1/1/2013,26,PREPARED FOODS,0,0,1
624,1/1/2013,26,PRODUCE,0,0,1
625,1/1/2013,26,SCHOOL AND OFFICE SUPPLIES,0,0,1
626,1/1/2013,26,SEAFOOD,0,0,1
627,1/1/2013,27,AUTOMOTIVE,0,0,1
628,1/1/2013,27,BABY CARE,0,0,1
629,1/1/2013,27,BEAUTY,0,0,1
630,1/1/2013,27,BEVERAGES,0,0,1
631,1/1/2013,27,BOOKS,0,0,1
632,1/1/2013,27,BREAD/BAKERY,0,0,1
633,1/1/2013,27,CELEBRATION,0,0,1
634,1/1/2013,27,CLEANING,0,0,1
635,1/1/2013,27,DAIRY,0,0,1
636,1/1/2013,27,DELI,0,0,1
637,1/1/2013,27,EGGS,0,0,1
638,1/1/2013,27,FROZEN FOODS,0,0,1
639,1/1/2013,27,GROCERY I,0,0,1
640,1/1/2013,27,GROCERY II,0,0,1
641,1/1/2013,27,HARDWARE,0,0,1
642,1/1/2013,27,HOME AND KITCHEN I,0,0,1
643,1/1/2013,27,HOME AND KITCHEN II,0,0,1
644,1/1/2013,27,HOME APPLIANCES,0,0,1
645,1/1/2013,27,HOME CARE,0,0,1
646,1/1/2013,27,LADIESWEAR,0,0,1
647,1/1/2013,27,LAWN AND GARDEN,0,0,1
648,1/1/2013,27,LINGERIE,0,0,1
649,1/1/2013,27,"LIQUOR,WINE,BEER",0,0,1
650,1/1/2013,27,MAGAZINES,0,0,1
651,1/1/2013,27,MEATS,0,0,1
652,1/1/2013,27,PERSONAL CARE,0,0,1
653,1/1/2013,27,PET SUPPLIES,0,0,1
654,1/1/2013,27,PLAYERS AND ELECTRONICS,0,0,1
655,1/1/2013,27,POULTRY,0,0,1
656,1/1/2013,27,PREPARED FOODS,0,0,1
657,1/1/2013,27,PRODUCE,0,0,1
658,1/1/2013,27,SCHOOL AND OFFICE SUPPLIES,0,0,1
659,1/1/2013,27,SEAFOOD,0,0,1
660,1/1/2013,28,AUTOMOTIVE,0,0,1
661,1/1/2013,28,BABY CARE,0,0,1
662,1/1/2013,28,BEAUTY,0,0,1
663,1/1/2013,28,BEVERAGES,0,0,1
664,1/1/2013,28,BOOKS,0,0,1
665,1/1/2013,28,BREAD/BAKERY,0,0,1
666,1/1/2013,28,CELEBRATION,0,0,1
667,1/1/2013,28,CLEANING,0,0,1
668,1/1/2013,28,DAIRY,0,0,1
669,1/1/2013,28,DELI,0,0,1
670,1/1/2013,28,EGGS,0,0,1
671,1/1/2013,28,FROZEN FOODS,0,0,1
672,1/1/2013,28,GROCERY I,0,0,1
673,1/1/2013,28,GROCERY II,0,0,1
674,1/1/2013,28,HARDWARE,0,0,1
675,1/1/2013,28,HOME AND KITCHEN I,0,0,1
676,1/1/2013,28,HOME AND KITCHEN II,0,0,1
677,1/1/2013,28,HOME APPLIANCES,0,0,1
678,1/1/2013,28,HOME CARE,0,0,1
679,1/1/2013,28,LADIESWEAR,0,0,1
680,1/1/2013,28,LAWN AND GARDEN,0,0,1
681,1/1/2013,28,LINGERIE,0,0,1
682,1/1/2013,28,"LIQUOR,WINE,BEER",0,0,1
683,1/1/2013,28,MAGAZINES,0,0,1
684,1/1/2013,28,MEATS,0,0,1
685,1/1/2013,28,PERSONAL CARE,0,0,1
686,1/1/2013,28,PET SUPPLIES,0,0,1
687,1/1/2013,28,PLAYERS AND ELECTRONICS,0,0,1
688,1/1/2013,28,POULTRY,0,0,1
689,1/1/2013,28,PREPARED FOODS,0,0,1
690,1/1/2013,28,PRODUCE,0,0,1
691,1/1/2013,28,SCHOOL AND OFFICE SUPPLIES,0,0,1
692,1/1/2013,28,SEAFOOD,0,0,1
693,1/1/2013,29,AUTOMOTIVE,0,0,1
694,1/1/2013,29,BABY CARE,0,0,1
695,1/1/2013,29,BEAUTY,0,0,1
696,1/1/2013,29,BEVERAGES,0,0,1
697,1/1/2013,29,BOOKS,0,0,1
698,1/1/2013,29,BREAD/BAKERY,0,0,1
699,1/1/2013,29,CELEBRATION,0,0,1
700,1/1/2013,29,CLEANING,0,0,1
701,1/1/2013,29,DAIRY,0,0,1
702,1/1/2013,29,DELI,0,0,1
703,1/1/2013,29,EGGS,0,0,1
704,1/1/2013,29,FROZEN FOODS,0,0,1
705,1/1/2013,29,GROCERY I,0,0,1
706,1/1/2013,29,GROCERY II,0,0,1
707,1/1/2013,29,HARDWARE,0,0,1
708,1/1/2013,29,HOME AND KITCHEN I,0,0,1
709,1/1/2013,29,HOME AND KITCHEN II,0,0,1
710,1/1/2013,29,HOME APPLIANCES,0,0,1
711,1/1/2013,29,HOME CARE,0,0,1
712,1/1/2013,29,LADIESWEAR,0,0,1
713,1/1/2013,29,LAWN AND GARDEN,0,0,1
714,1/1/2013,29,LINGERIE,0,0,1
715,1/1/2013,29,"LIQUOR,WINE,BEER",0,0,1
716,1/1/2013,29,MAGAZINES,0,0,1
717,1/1/2013,29,MEATS,0,0,1
718,1/1/2013,29,PERSONAL CARE,0,0,1
719,1/1/2013,29,PET SUPPLIES,0,0,1
720,1/1/2013,29,PLAYERS AND ELECTRONICS,0,0,1
721,1/1/2013,29,POULTRY,0,0,1
722,1/1/2013,29,PREPARED FOODS,0,0,1
723,1/1/2013,29,PRODUCE,0,0,1
724,1/1/2013,29,SCHOOL AND OFFICE SUPPLIES,0,0,1
725,1/1/2013,29,SEAFOOD,0,0,1
726,1/1/2013,3,AUTOMOTIVE,0,0,1
727,1/1/2013,3,BABY CARE,0,0,1
728,1/1/2013,3,BEAUTY,0,0,1
729,1/1/2013,3,BEVERAGES,0,0,1
730,1/1/2013,3,BOOKS,0,0,1
731,1/1/2013,3,BREAD/BAKERY,0,0,1
732,1/1/2013,3,CELEBRATION,0,0,1
733,1/1/2013,3,CLEANING,0,0,1
734,1/1/2013,3,DAIRY,0,0,1
735,1/1/2013,3,DELI,0,0,1
736,1/1/2013,3,EGGS,0,0,1
737,1/1/2013,3,FROZEN FOODS,0,0,1
738,1/1/2013,3,GROCERY I,0,0,1
739,1/1/2013,3,GROCERY II,0,0,1
740,1/1/2013,3,HARDWARE,0,0,1
741,1/1/2013,3,HOME AND KITCHEN I,0,0,1
742,1/1/2013,3,HOME AND KITCHEN II,0,0,1
743,1/1/2013,3,HOME APPLIANCES,0,0,1
744,1/1/2013,3,HOME CARE,0,0,1
745,1/1/2013,3,LADIESWEAR,0,0,1
746,1/1/2013,3,LAWN AND GARDEN,0,0,1
747,1/1/2013,3,LINGERIE,0,0,1
748,1/1/2013,3,"LIQUOR,WINE,BEER",0,0,1
749,1/1/2013,3,MAGAZINES,0,0,1
750,1/1/2013,3,MEATS,0,0,1
751,1/1/2013,3,PERSONAL CARE,0,0,1
752,1/1/2013,3,PET SUPPLIES,0,0,1
753,1/1/2013,3,PLAYERS AND ELECTRONICS,0,0,1
754,1/1/2013,3,POULTRY,0,0,1
755,1/1/2013,3,PREPARED FOODS,0,0,1
756,1/1/2013,3,PRODUCE,0,0,1
757,1/1/2013,3,SCHOOL AND OFFICE SUPPLIES,0,0,1
758,1/1/2013,3,SEAFOOD,0,0,1
759,1/1/2013,30,AUTOMOTIVE,0,0,1
760,1/1/2013,30,BABY CARE,0,0,1
761,1/1/2013,30,BEAUTY,0,0,1
762,1/1/2013,30,BEVERAGES,0,0,1
763,1/1/2013,30,BOOKS,0,0,1
764,1/1/2013,30,BREAD/BAKERY,0,0,1
765,1/1/2013,30,CELEBRATION,0,0,1
766,1/1/2013,30,CLEANING,0,0,1
767,1/1/2013,30,DAIRY,0,0,1
768,1/1/2013,30,DELI,0,0,1
769,1/1/2013,30,EGGS,0,0,1
770,1/1/2013,30,FROZEN FOODS,0,0,1
771,1/1/2013,30,GROCERY I,0,0,1
772,1/1/2013,30,GROCERY II,0,0,1
773,1/1/2013,30,HARDWARE,0,0,1
774,1/1/2013,30,HOME AND KITCHEN I,0,0,1
775,1/1/2013,30,HOME AND KITCHEN II,0,0,1
776,1/1/2013,30,HOME APPLIANCES,0,0,1
777,1/1/2013,30,HOME CARE,0,0,1
778,1/1/2013,30,LADIESWEAR,0,0,1
779,1/1/2013,30,LAWN AND GARDEN,0,0,1
780,1/1/2013,30,LINGERIE,0,0,1
781,1/1/2013,30,"LIQUOR,WINE,BEER",0,0,1
782,1/1/2013,30,MAGAZINES,0,0,1
783,1/1/2013,30,MEATS,0,0,1
784,1/1/2013,30,PERSONAL CARE,0,0,1
785,1/1/2013,30,PET SUPPLIES,0,0,1
786,1/1/2013,30,PLAYERS AND ELECTRONICS,0,0,1
787,1/1/2013,30,POULTRY,0,0,1
788,1/1/2013,30,PREPARED FOODS,0,0,1
789,1/1/2013,30,PRODUCE,0,0,1
790,1/1/2013,30,SCHOOL AND OFFICE SUPPLIES,0,0,1
791,1/1/2013,30,SEAFOOD,0,0,1
792,1/1/2013,31,AUTOMOTIVE,0,0,1
793,1/1/2013,31,BABY CARE,0,0,1
794,1/1/2013,31,BEAUTY,0,0,1
795,1/1/2013,31,BEVERAGES,0,0,1
796,1/1/2013,31,BOOKS,0,0,1
797,1/1/2013,31,BREAD/BAKERY,0,0,1
798,1/1/2013,31,CELEBRATION,0,0,1
799,1/1/2013,31,CLEANING,0,0,1
800,1/1/2013,31,DAIRY,0,0,1
801,1/1/2013,31,DELI,0,0,1
802,1/1/2013,31,EGGS,0,0,1
803,1/1/2013,31,FROZEN FOODS,0,0,1
804,1/1/2013,31,GROCERY I,0,0,1
805,1/1/2013,31,GROCERY II,0,0,1
806,1/1/2013,31,HARDWARE,0,0,1
807,1/1/2013,31,HOME AND KITCHEN I,0,0,1
808,1/1/2013,31,HOME AND KITCHEN II,0,0,1
809,1/1/2013,31,HOME APPLIANCES,0,0,1
810,1/1/2013,31,HOME CARE,0,0,1
811,1/1/2013,31,LADIESWEAR,0,0,1
812,1/1/2013,31,LAWN AND GARDEN,0,0,1
813,1/1/2013,31,LINGERIE,0,0,1
814,1/1/2013,31,"LIQUOR,WINE,BEER",0,0,1
815,1/1/2013,31,MAGAZINES,0,0,1
816,1/1/2013,31,MEATS,0,0,1
817,1/1/2013,31,PERSONAL CARE,0,0,1
818,1/1/2013,31,PET SUPPLIES,0,0,1
819,1/1/2013,31,PLAYERS AND ELECTRONICS,0,0,1
820,1/1/2013,31,POULTRY,0,0,1
821,1/1/2013,31,PREPARED FOODS,0,0,1
822,1/1/2013,31,PRODUCE,0,0,1
823,1/1/2013,31,SCHOOL AND OFFICE SUPPLIES,0,0,1
824,1/1/2013,31,SEAFOOD,0,0,1
825,1/1/2013,32,AUTOMOTIVE,0,0,1
826,1/1/2013,32,BABY CARE,0,0,1
827,1/1/2013,32,BEAUTY,0,0,1
828,1/1/2013,32,BEVERAGES,0,0,1
829,1/1/2013,32,BOOKS,0,0,1
830,1/1/2013,32,BREAD/BAKERY,0,0,1
831,1/1/2013,32,CELEBRATION,0,0,1
832,1/1/2013,32,CLEANING,0,0,1
833,1/1/2013,32,DAIRY,0,0,1
834,1/1/2013,32,DELI,0,0,1
835,1/1/2013,32,EGGS,0,0,1
836,1/1/2013,32,FROZEN FOODS,0,0,1
837,1/1/2013,32,GROCERY I,0,0,1
838,1/1/2013,32,GROCERY II,0,0,1
839,1/1/2013,32,HARDWARE,0,0,1
840,1/1/2013,32,HOME AND KITCHEN I,0,0,1
841,1/1/2013,32,HOME AND KITCHEN II,0,0,1
842,1/1/2013,32,HOME APPLIANCES,0,0,1
843,1/1/2013,32,HOME CARE,0,0,1
844,1/1/2013,32,LADIESWEAR,0,0,1
845,1/1/2013,32,LAWN AND GARDEN,0,0,1
846,1/1/2013,32,LINGERIE,0,0,1
847,1/1/2013,32,"LIQUOR,WINE,BEER",0,0,1
848,1/1/2013,32,MAGAZINES,0,0,1
849,1/1/2013,32,MEATS,0,0,1
850,1/1/2013,32,PERSONAL CARE,0,0,1
851,1/1/2013,32,PET SUPPLIES,0,0,1
852,1/1/2013,32,PLAYERS AND ELECTRONICS,0,0,1
853,1/1/2013,32,POULTRY,0,0,1
854,1/1/2013,32,PREPARED FOODS,0,0,1
855,1/1/2013,32,PRODUCE,0,0,1
856,1/1/2013,32,SCHOOL AND OFFICE SUPPLIES,0,0,1
857,1/1/2013,32,SEAFOOD,0,0,1
858,1/1/2013,33,AUTOMOTIVE,0,0,1
859,1/1/2013,33,BABY CARE,0,0,1
860,1/1/2013,33,BEAUTY,0,0,1
861,1/1/2013,33,BEVERAGES,0,0,1
862,1/1/2013,33,BOOKS,0,0,1
863,1/1/2013,33,BREAD/BAKERY,0,0,1
864,1/1/2013,33,CELEBRATION,0,0,1
865,1/1/2013,33,CLEANING,0,0,1
866,1/1/2013,33,DAIRY,0,0,1
867,1/1/2013,33,DELI,0,0,1
868,1/1/2013,33,EGGS,0,0,1
869,1/1/2013,33,FROZEN FOODS,0,0,1
870,1/1/2013,33,GROCERY I,0,0,1
871,1/1/2013,33,GROCERY II,0,0,1
872,1/1/2013,33,HARDWARE,0,0,1
873,1/1/2013,33,HOME AND KITCHEN I,0,0,1
874,1/1/2013,33,HOME AND KITCHEN II,0,0,1
875,1/1/2013,33,HOME APPLIANCES,0,0,1
876,1/1/2013,33,HOME CARE,0,0,1
877,1/1/2013,33,LADIESWEAR,0,0,1
878,1/1/2013,33,LAWN AND GARDEN,0,0,1
879,1/1/2013,33,LINGERIE,0,0,1
880,1/1/2013,33,"LIQUOR,WINE,BEER",0,0,1
881,1/1/2013,33,MAGAZINES,0,0,1
882,1/1/2013,33,MEATS,0,0,1
883,1/1/2013,33,PERSONAL CARE,0,0,1
884,1/1/2013,33,PET SUPPLIES,0,0,1
885,1/1/2013,33,PLAYERS AND ELECTRONICS,0,0,1
886,1/1/2013,33,POULTRY,0,0,1
887,1/1/2013,33,PREPARED FOODS,0,0,1
888,1/1/2013,33,PRODUCE,0,0,1
889,1/1/2013,33,SCHOOL AND OFFICE SUPPLIES,0,0,1
890,1/1/2013,33,SEAFOOD,0,0,1
891,1/1/2013,34,AUTOMOTIVE,0,0,1
892,1/1/2013,34,BABY CARE,0,0,1
893,1/1/2013,34,BEAUTY,0,0,1
894,1/1/2013,34,BEVERAGES,0,0,1
895,1/1/2013,34,BOOKS,0,0,1
896,1/1/2013,34,BREAD/BAKERY,0,0,1
897,1/1/2013,34,CELEBRATION,0,0,1
898,1/1/2013,34,CLEANING,0,0,1
899,1/1/2013,34,DAIRY,0,0,1
900,1/1/2013,34,DELI,0,0,1
901,1/1/2013,34,EGGS,0,0,1
902,1/1/2013,34,FROZEN FOODS,0,0,1
903,1/1/2013,34,GROCERY I,0,0,1
904,1/1/2013,34,GROCERY II,0,0,1
905,1/1/2013,34,HARDWARE,0,0,1
906,1/1/2013,34,HOME AND KITCHEN I,0,0,1
907,1/1/2013,34,HOME AND KITCHEN II,0,0,1
908,1/1/2013,34,HOME APPLIANCES,0,0,1
909,1/1/2013,34,HOME CARE,0,0,1
910,1/1/2013,34,LADIESWEAR,0,0,1
911,1/1/2013,34,LAWN AND GARDEN,0,0,1
912,1/1/2013,34,LINGERIE,0,0,1
913,1/1/2013,34,"LIQUOR,WINE,BEER",0,0,1
914,1/1/2013,34,MAGAZINES,0,0,1
915,1/1/2013,34,MEATS,0,0,1
916,1/1/2013,34,PERSONAL CARE,0,0,1
917,1/1/2013,34,PET SUPPLIES,0,0,1
918,1/1/2013,34,PLAYERS AND ELECTRONICS,0,0,1
919,1/1/2013,34,POULTRY,0,0,1
920,1/1/2013,34,PREPARED FOODS,0,0,1
921,1/1/2013,34,PRODUCE,0,0,1
922,1/1/2013,34,SCHOOL AND OFFICE SUPPLIES,0,0,1
923,1/1/2013,34,SEAFOOD,0,0,1
924,1/1/2013,35,AUTOMOTIVE,0,0,1
925,1/1/2013,35,BABY CARE,0,0,1
926,1/1/2013,35,BEAUTY,0,0,1
927,1/1/2013,35,BEVERAGES,0,0,1
928,1/1/2013,35,BOOKS,0,0,1
929,1/1/2013,35,BREAD/BAKERY,0,0,1
930,1/1/2013,35,CELEBRATION,0,0,1
931,1/1/2013,35,CLEANING,0,0,1
932,1/1/2013,35,DAIRY,0,0,1
933,1/1/2013,35,DELI,0,0,1
934,1/1/2013,35,EGGS,0,0,1
935,1/1/2013,35,FROZEN FOODS,0,0,1
936,1/1/2013,35,GROCERY I,0,0,1
937,1/1/2013,35,GROCERY II,0,0,1
938,1/1/2013,35,HARDWARE,0,0,1
939,1/1/2013,35,HOME AND KITCHEN I,0,0,1
940,1/1/2013,35,HOME AND KITCHEN II,0,0,1
941,1/1/2013,35,HOME APPLIANCES,0,0,1
942,1/1/2013,35,HOME CARE,0,0,1
943,1/1/2013,35,LADIESWEAR,0,0,1
944,1/1/2013,35,LAWN AND GARDEN,0,0,1
945,1/1/2013,35,LINGERIE,0,0,1
946,1/1/2013,35,"LIQUOR,WINE,BEER",0,0,1
947,1/1/2013,35,MAGAZINES,0,0,1
948,1/1/2013,35,MEATS,0,0,1
949,1/1/2013,35,PERSONAL CARE,0,0,1
950,1/1/2013,35,PET SUPPLIES,0,0,1
951,1/1/2013,35,PLAYERS AND ELECTRONICS,0,0,1
952,1/1/2013,35,POULTRY,0,0,1
953,1/1/2013,35,PREPARED FOODS,0,0,1
954,1/1/2013,35,PRODUCE,0,0,1
955,1/1/2013,35,SCHOOL AND OFFICE SUPPLIES,0,0,1
956,1/1/2013,35,SEAFOOD,0,0,1
957,1/1/2013,36,AUTOMOTIVE,0,0,1
958,1/1/2013,36,BABY CARE,0,0,1
959,1/1/2013,36,BEAUTY,0,0,1
960,1/1/2013,36,BEVERAGES,0,0,1
961,1/1/2013,36,BOOKS,0,0,1
962,1/1/2013,36,BREAD/BAKERY,0,0,1
963,1/1/2013,36,CELEBRATION,0,0,1
964,1/1/2013,36,CLEANING,0,0,1
965,1/1/2013,36,DAIRY,0,0,1
966,1/1/2013,36,DELI,0,0,1
967,1/1/2013,36,EGGS,0,0,1
968,1/1/2013,36,FROZEN FOODS,0,0,1
969,1/1/2013,36,GROCERY I,0,0,1
970,1/1/2013,36,GROCERY II,0,0,1
971,1/1/2013,36,HARDWARE,0,0,1
972,1/1/2013,36,HOME AND KITCHEN I,0,0,1
973,1/1/2013,36,HOME AND KITCHEN II,0,0,1
974,1/1/2013,36,HOME APPLIANCES,0,0,1
975,1/1/2013,36,HOME CARE,0,0,1
976,1/1/2013,36,LADIESWEAR,0,0,1
977,1/1/2013,36,LAWN AND GARDEN,0,0,1
978,1/1/2013,36,LINGERIE,0,0,1
979,1/1/2013,36,"LIQUOR,WINE,BEER",0,0,1
980,1/1/2013,36,MAGAZINES,0,0,1
981,1/1/2013,36,MEATS,0,0,1
982,1/1/2013,36,PERSONAL CARE,0,0,1
983,1/1/2013,36,PET SUPPLIES,0,0,1
984,1/1/2013,36,PLAYERS AND ELECTRONICS,0,0,1
985,1/1/2013,36,POULTRY,0,0,1
986,1/1/2013,36,PREPARED FOODS,0,0,1
987,1/1/2013,36,PRODUCE,0,0,1
988,1/1/2013,36,SCHOOL AND OFFICE SUPPLIES,0,0,1
989,1/1/2013,36,SEAFOOD,0,0,1
990,1/1/2013,37,AUTOMOTIVE,0,0,1
991,1/1/2013,37,BABY CARE,0,0,1
992,1/1/2013,37,BEAUTY,0,0,1
993,1/1/2013,37,BEVERAGES,0,0,1
994,1/1/2013,37,BOOKS,0,0,1
995,1/1/2013,37,BREAD/BAKERY,0,0,1
996,1/1/2013,37,CELEBRATION,0,0,1
997,1/1/2013,37,CLEANING,0,0,1
998,1/1/2013,37,DAIRY,0,0,1
999,1/1/2013,37,DELI,0,0,1
1000,1/1/2013,37,EGGS,0,0,1
1001,1/1/2013,37,FROZEN FOODS,0,0,1
1002,1/1/2013,37,GROCERY I,0,0,1
1003,1/1/2013,37,GROCERY II,0,0,1
1004,1/1/2013,37,HARDWARE,0,0,1
1005,1/1/2013,37,HOME AND KITCHEN I,0,0,1
1006,1/1/2013,37,HOME AND KITCHEN II,0,0,1
1007,1/1/2013,37,HOME APPLIANCES,0,0,1
1008,1/1/2013,37,HOME CARE,0,0,1
1009,1/1/2013,37,LADIESWEAR,0,0,1
1010,1/1/2013,37,LAWN AND GARDEN,0,0,1
1011,1/1/2013,37,LINGERIE,0,0,1
1012,1/1/2013,37,"LIQUOR,WINE,BEER",0,0,1
1013,1/1/2013,37,MAGAZINES,0,0,1
1014,1/1/2013,37,MEATS,0,0,1
1015,1/1/2013,37,PERSONAL CARE,0,0,1
1016,1/1/2013,37,PET SUPPLIES,0,0,1
1017,1/1/2013,37,PLAYERS AND ELECTRONICS,0,0,1
1018,1/1/2013,37,POULTRY,0,0,1
1019,1/1/2013,37,PREPARED FOODS,0,0,1
1020,1/1/2013,37,PRODUCE,0,0,1
1021,1/1/2013,37,SCHOOL AND OFFICE SUPPLIES,0,0,1
1022,1/1/2013,37,SEAFOOD,0,0,1
1023,1/1/2013,38,AUTOMOTIVE,0,0,1
1024,1/1/2013,38,BABY CARE,0,0,1
1025,1/1/2013,38,BEAUTY,0,0,1
1026,1/1/2013,38,BEVERAGES,0,0,1
1027,1/1/2013,38,BOOKS,0,0,1
1028,1/1/2013,38,BREAD/BAKERY,0,0,1
1029,1/1/2013,38,CELEBRATION,0,0,1
1030,1/1/2013,38,CLEANING,0,0,1
1031,1/1/2013,38,DAIRY,0,0,1
1032,1/1/2013,38,DELI,0,0,1
1033,1/1/2013,38,EGGS,0,0,1
1034,1/1/2013,38,FROZEN FOODS,0,0,1
1035,1/1/2013,38,GROCERY I,0,0,1
1036,1/1/2013,38,GROCERY II,0,0,1
1037,1/1/2013,38,HARDWARE,0,0,1
1038,1/1/2013,38,HOME AND KITCHEN I,0,0,1
1039,1/1/2013,38,HOME AND KITCHEN II,0,0,1
1040,1/1/2013,38,HOME APPLIANCES,0,0,1
1041,1/1/2013,38,HOME CARE,0,0,1
1042,1/1/2013,38,LADIESWEAR,0,0,1
1043,1/1/2013,38,LAWN AND GARDEN,0,0,1
1044,1/1/2013,38,LINGERIE,0,0,1
1045,1/1/2013,38,"LIQUOR,WINE,BEER",0,0,1
1046,1/1/2013,38,MAGAZINES,0,0,1
1047,1/1/2013,38,MEATS,0,0,1
1048,1/1/2013,38,PERSONAL CARE,0,0,1
1049,1/1/2013,38,PET SUPPLIES,0,0,1
1050,1/1/2013,38,PLAYERS AND ELECTRONICS,0,0,1
1051,1/1/2013,38,POULTRY,0,0,1
1052,1/1/2013,38,PREPARED FOODS,0,0,1
1053,1/1/2013,38,PRODUCE,0,0,1
1054,1/1/2013,38,SCHOOL AND OFFICE SUPPLIES,0,0,1
1055,1/1/2013,38,SEAFOOD,0,0,1
1056,1/1/2013,39,AUTOMOTIVE,0,0,1
1057,1/1/2013,39,BABY CARE,0,0,1
1058,1/1/2013,39,BEAUTY,0,0,1
1059,1/1/2013,39,BEVERAGES,0,0,1
1060,1/1/2013,39,BOOKS,0,0,1
1061,1/1/2013,39,BREAD/BAKERY,0,0,1
1062,1/1/2013,39,CELEBRATION,0,0,1
1063,1/1/2013,39,CLEANING,0,0,1
1064,1/1/2013,39,DAIRY,0,0,1
1065,1/1/2013,39,DELI,0,0,1
1066,1/1/2013,39,EGGS,0,0,1
1067,1/1/2013,39,FROZEN FOODS,0,0,1
1068,1/1/2013,39,GROCERY I,0,0,1
1069,1/1/2013,39,GROCERY II,0,0,1
1070,1/1/2013,39,HARDWARE,0,0,1
1071,1/1/2013,39,HOME AND KITCHEN I,0,0,1
1072,1/1/2013,39,HOME AND KITCHEN II,0,0,1
1073,1/1/2013,39,HOME APPLIANCES,0,0,1
1074,1/1/2013,39,HOME CARE,0,0,1
1075,1/1/2013,39,LADIESWEAR,0,0,1
1076,1/1/2013,39,LAWN AND GARDEN,0,0,1
1077,1/1/2013,39,LINGERIE,0,0,1
1078,1/1/2013,39,"LIQUOR,WINE,BEER",0,0,1
1079,1/1/2013,39,MAGAZINES,0,0,1
1080,1/1/2013,39,MEATS,0,0,1
1081,1/1/2013,39,PERSONAL CARE,0,0,1
1082,1/1/2013,39,PET SUPPLIES,0,0,1
1083,1/1/2013,39,PLAYERS AND ELECTRONICS,0,0,1
1084,1/1/2013,39,POULTRY,0,0,1
1085,1/1/2013,39,PREPARED FOODS,0,0,1
1086,1/1/2013,39,PRODUCE,0,0,1
1087,1/1/2013,39,SCHOOL AND OFFICE SUPPLIES,0,0,1
1088,1/1/2013,39,SEAFOOD,0,0,1
1089,1/1/2013,4,AUTOMOTIVE,0,0,1
1090,1/1/2013,4,BABY CARE,0,0,1
1091,1/1/2013,4,BEAUTY,0,0,1
1092,1/1/2013,4,BEVERAGES,0,0,1
1093,1/1/2013,4,BOOKS,0,0,1
1094,1/1/2013,4,BREAD/BAKERY,0,0,1
1095,1/1/2013,4,CELEBRATION,0,0,1
1096,1/1/2013,4,CLEANING,0,0,1
1097,1/1/2013,4,DAIRY,0,0,1
1098,1/1/2013,4,DELI,0,0,1
1099,1/1/2013,4,EGGS,0,0,1
1100,1/1/2013,4,FROZEN FOODS,0,0,1
1101,1/1/2013,4,GROCERY I,0,0,1
1102,1/1/2013,4,GROCERY II,0,0,1
1103,1/1/2013,4,HARDWARE,0,0,1
1104,1/1/2013,4,HOME AND KITCHEN I,0,0,1
1105,1/1/2013,4,HOME AND KITCHEN II,0,0,1
1106,1/1/2013,4,HOME APPLIANCES,0,0,1
1107,1/1/2013,4,HOME CARE,0,0,1
1108,1/1/2013,4,LADIESWEAR,0,0,1
1109,1/1/2013,4,LAWN AND GARDEN,0,0,1
1110,1/1/2013,4,LINGERIE,0,0,1
1111,1/1/2013,4,"LIQUOR,WINE,BEER",0,0,1
1112,1/1/2013,4,MAGAZINES,0,0,1
1113,1/1/2013,4,MEATS,0,0,1
1114,1/1/2013,4,PERSONAL CARE,0,0,1
1115,1/1/2013,4,PET SUPPLIES,0,0,1
1116,1/1/2013,4,PLAYERS AND ELECTRONICS,0,0,1
1117,1/1/2013,4,POULTRY,0,0,1
1118,1/1/2013,4,PREPARED FOODS,0,0,1
1119,1/1/2013,4,PRODUCE,0,0,1
1120,1/1/2013,4,SCHOOL AND OFFICE SUPPLIES,0,0,1
1121,1/1/2013,4,SEAFOOD,0,0,1
1122,1/1/2013,40,AUTOMOTIVE,0,0,1
1123,1/1/2013,40,BABY CARE,0,0,1
1124,1/1/2013,40,BEAUTY,0,0,1
1125,1/1/2013,40,BEVERAGES,0,0,1
1126,1/1/2013,40,BOOKS,0,0,1
1127,1/1/2013,40,BREAD/BAKERY,0,0,1
1128,1/1/2013,40,CELEBRATION,0,0,1
1129,1/1/2013,40,CLEANING,0,0,1
1130,1/1/2013,40,DAIRY,0,0,1
1131,1/1/2013,40,DELI,0,0,1
1132,1/1/2013,40,EGGS,0,0,1
1133,1/1/2013,40,FROZEN FOODS,0,0,1
1134,1/1/2013,40,GROCERY I,0,0,1
1135,1/1/2013,40,GROCERY II,0,0,1
1136,1/1/2013,40,HARDWARE,0,0,1
1137,1/1/2013,40,HOME AND KITCHEN I,0,0,1
1138,1/1/2013,40,HOME AND KITCHEN II,0,0,1
1139,1/1/2013,40,HOME APPLIANCES,0,0,1
1140,1/1/2013,40,HOME CARE,0,0,1
1141,1/1/2013,40,LADIESWEAR,0,0,1
1142,1/1/2013,40,LAWN AND GARDEN,0,0,1
1143,1/1/2013,40,LINGERIE,0,0,1
1144,1/1/2013,40,"LIQUOR,WINE,BEER",0,0,1
1145,1/1/2013,40,MAGAZINES,0,0,1
1146,1/1/2013,40,MEATS,0,0,1
1147,1/1/2013,40,PERSONAL CARE,0,0,1
1148,1/1/2013,40,PET SUPPLIES,0,0,1
1149,1/1/2013,40,PLAYERS AND ELECTRONICS,0,0,1
1150,1/1/2013,40,POULTRY,0,0,1
1151,1/1/2013,40,PREPARED FOODS,0,0,1
1152,1/1/2013,40,PRODUCE,0,0,1
1153,1/1/2013,40,SCHOOL AND OFFICE SUPPLIES,0,0,1
1154,1/1/2013,40,SEAFOOD,0,0,1
1155,1/1/2013,41,AUTOMOTIVE,0,0,1
1156,1/1/2013,41,BABY CARE,0,0,1
1157,1/1/2013,41,BEAUTY,0,0,1
1158,1/1/2013,41,BEVERAGES,0,0,1
1159,1/1/2013,41,BOOKS,0,0,1
1160,1/1/2013,41,BREAD/BAKERY,0,0,1
1161,1/1/2013,41,CELEBRATION,0,0,1
1162,1/1/2013,41,CLEANING,0,0,1
1163,1/1/2013,41,DAIRY,0,0,1
1164,1/1/2013,41,DELI,0,0,1
1165,1/1/2013,41,EGGS,0,0,1
1166,1/1/2013,41,FROZEN FOODS,0,0,1
1167,1/1/2013,41,GROCERY I,0,0,1
1168,1/1/2013,41,GROCERY II,0,0,1
1169,1/1/2013,41,HARDWARE,0,0,1
1170,1/1/2013,41,HOME AND KITCHEN I,0,0,1
1171,1/1/2013,41,HOME AND KITCHEN II,0,0,1
1172,1/1/2013,41,HOME APPLIANCES,0,0,1
1173,1/1/2013,41,HOME CARE,0,0,1
1174,1/1/2013,41,LADIESWEAR,0,0,1
1175,1/1/2013,41,LAWN AND GARDEN,0,0,1
1176,1/1/2013,41,LINGERIE,0,0,1
1177,1/1/2013,41,"LIQUOR,WINE,BEER",0,0,1
1178,1/1/2013,41,MAGAZINES,0,0,1
1179,1/1/2013,41,MEATS,0,0,1
1180,1/1/2013,41,PERSONAL CARE,0,0,1
1181,1/1/2013,41,PET SUPPLIES,0,0,1
1182,1/1/2013,41,PLAYERS AND ELECTRONICS,0,0,1
1183,1/1/2013,41,POULTRY,0,0,1
1184,1/1/2013,41,PREPARED FOODS,0,0,1
1185,1/1/2013,41,PRODUCE,0,0,1
1186,1/1/2013,41,SCHOOL AND OFFICE SUPPLIES,0,0,1
1187,1/1/2013,41,SEAFOOD,0,0,1
1188,1/1/2013,42,AUTOMOTIVE,0,0,1
1189,1/1/2013,42,BABY CARE,0,0,1
1190,1/1/2013,42,BEAUTY,0,0,1
1191,1/1/2013,42,BEVERAGES,0,0,1
1192,1/1/2013,42,BOOKS,0,0,1
1193,1/1/2013,42,BREAD/BAKERY,0,0,1
1194,1/1/2013,42,CELEBRATION,0,0,1
1195,1/1/2013,42,CLEANING,0,0,1
1196,1/1/2013,42,DAIRY,0,0,1
1197,1/1/2013,42,DELI,0,0,1
1198,1/1/2013,42,EGGS,0,0,1
1199,1/1/2013,42,FROZEN FOODS,0,0,1
1200,1/1/2013,42,GROCERY I,0,0,1
1201,1/1/2013,42,GROCERY II,0,0,1
1202,1/1/2013,42,HARDWARE,0,0,1
1203,1/1/2013,42,HOME AND KITCHEN I,0,0,1
1204,1/1/2013,42,HOME AND KITCHEN II,0,0,1
1205,1/1/2013,42,HOME APPLIANCES,0,0,1
1206,1/1/2013,42,HOME CARE,0,0,1
1207,1/1/2013,42,LADIESWEAR,0,0,1
1208,1/1/2013,42,LAWN AND GARDEN,0,0,1
1209,1/1/2013,42,LINGERIE,0,0,1
1210,1/1/2013,42,"LIQUOR,WINE,BEER",0,0,1
1211,1/1/2013,42,MAGAZINES,0,0,1
1212,1/1/2013,42,MEATS,0,0,1
1213,1/1/2013,42,PERSONAL CARE,0,0,1
1214,1/1/2013,42,PET SUPPLIES,0,0,1
1215,1/1/2013,42,PLAYERS AND ELECTRONICS,0,0,1
1216,1/1/2013,42,POULTRY,0,0,1
1217,1/1/2013,42,PREPARED FOODS,0,0,1
1218,1/1/2013,42,PRODUCE,0,0,1
1219,1/1/2013,42,SCHOOL AND OFFICE SUPPLIES,0,0,1
1220,1/1/2013,42,SEAFOOD,0,0,1
1221,1/1/2013,43,AUTOMOTIVE,0,0,1
1222,1/1/2013,43,BABY CARE,0,0,1
1223,1/1/2013,43,BEAUTY,0,0,1
1224,1/1/2013,43,BEVERAGES,0,0,1
1225,1/1/2013,43,BOOKS,0,0,1
1226,1/1/2013,43,BREAD/BAKERY,0,0,1
1227,1/1/2013,43,CELEBRATION,0,0,1
1228,1/1/2013,43,CLEANING,0,0,1
1229,1/1/2013,43,DAIRY,0,0,1
1230,1/1/2013,43,DELI,0,0,1
1231,1/1/2013,43,EGGS,0,0,1
1232,1/1/2013,43,FROZEN FOODS,0,0,1
1233,1/1/2013,43,GROCERY I,0,0,1
1234,1/1/2013,43,GROCERY II,0,0,1
1235,1/1/2013,43,HARDWARE,0,0,1
1236,1/1/2013,43,HOME AND KITCHEN I,0,0,1
1237,1/1/2013,43,HOME AND KITCHEN II,0,0,1
1238,1/1/2013,43,HOME APPLIANCES,0,0,1
1239,1/1/2013,43,HOME CARE,0,0,1
1240,1/1/2013,43,LADIESWEAR,0,0,1
1241,1/1/2013,43,LAWN AND GARDEN,0,0,1
1242,1/1/2013,43,LINGERIE,0,0,1
1243,1/1/2013,43,"LIQUOR,WINE,BEER",0,0,1
1244,1/1/2013,43,MAGAZINES,0,0,1
1245,1/1/2013,43,MEATS,0,0,1
1246,1/1/2013,43,PERSONAL CARE,0,0,1
1247,1/1/2013,43,PET SUPPLIES,0,0,1
1248,1/1/2013,43,PLAYERS AND ELECTRONICS,0,0,1
1249,1/1/2013,43,POULTRY,0,0,1
1250,1/1/2013,43,PREPARED FOODS,0,0,1
1251,1/1/2013,43,PRODUCE,0,0,1
1252,1/1/2013,43,SCHOOL AND OFFICE SUPPLIES,0,0,1
1253,1/1/2013,43,SEAFOOD,0,0,1
1254,1/1/2013,44,AUTOMOTIVE,0,0,1
1255,1/1/2013,44,BABY CARE,0,0,1
1256,1/1/2013,44,BEAUTY,0,0,1
1257,1/1/2013,44,BEVERAGES,0,0,1
1258,1/1/2013,44,BOOKS,0,0,1
1259,1/1/2013,44,BREAD/BAKERY,0,0,1
1260,1/1/2013,44,CELEBRATION,0,0,1
1261,1/1/2013,44,CLEANING,0,0,1
1262,1/1/2013,44,DAIRY,0,0,1
1263,1/1/2013,44,DELI,0,0,1
1264,1/1/2013,44,EGGS,0,0,1
1265,1/1/2013,44,FROZEN FOODS,0,0,1
1266,1/1/2013,44,GROCERY I,0,0,1
1267,1/1/2013,44,GROCERY II,0,0,1
1268,1/1/2013,44,HARDWARE,0,0,1
1269,1/1/2013,44,HOME AND KITCHEN I,0,0,1
1270,1/1/2013,44,HOME AND KITCHEN II,0,0,1
1271,1/1/2013,44,HOME APPLIANCES,0,0,1
1272,1/1/2013,44,HOME CARE,0,0,1
1273,1/1/2013,44,LADIESWEAR,0,0,1
1274,1/1/2013,44,LAWN AND GARDEN,0,0,1
1275,1/1/2013,44,LINGERIE,0,0,1
1276,1/1/2013,44,"LIQUOR,WINE,BEER",0,0,1
1277,1/1/2013,44,MAGAZINES,0,0,1
1278,1/1/2013,44,MEATS,0,0,1
1279,1/1/2013,44,PERSONAL CARE,0,0,1
1280,1/1/2013,44,PET SUPPLIES,0,0,1
1281,1/1/2013,44,PLAYERS AND ELECTRONICS,0,0,1
1282,1/1/2013,44,POULTRY,0,0,1
1283,1/1/2013,44,PREPARED FOODS,0,0,1
1284,1/1/2013,44,PRODUCE,0,0,1
1285,1/1/2013,44,SCHOOL AND OFFICE SUPPLIES,0,0,1
1286,1/1/2013,44,SEAFOOD,0,0,1
1287,1/1/2013,45,AUTOMOTIVE,0,0,1
1288,1/1/2013,45,BABY CARE,0,0,1
1289,1/1/2013,45,BEAUTY,0,0,1
1290,1/1/2013,45,BEVERAGES,0,0,1
1291,1/1/2013,45,BOOKS,0,0,1
1292,1/1/2013,45,BREAD/BAKERY,0,0,1
1293,1/1/2013,45,CELEBRATION,0,0,1
1294,1/1/2013,45,CLEANING,0,0,1
1295,1/1/2013,45,DAIRY,0,0,1
1296,1/1/2013,45,DELI,0,0,1
1297,1/1/2013,45,EGGS,0,0,1
1298,1/1/2013,45,FROZEN FOODS,0,0,1
1299,1/1/2013,45,GROCERY I,0,0,1
1300,1/1/2013,45,GROCERY II,0,0,1
1301,1/1/2013,45,HARDWARE,0,0,1
1302,1/1/2013,45,HOME AND KITCHEN I,0,0,1
1303,1/1/2013,45,HOME AND KITCHEN II,0,0,1
1304,1/1/2013,45,HOME APPLIANCES,0,0,1
1305,1/1/2013,45,HOME CARE,0,0,1
1306,1/1/2013,45,LADIESWEAR,0,0,1
1307,1/1/2013,45,LAWN AND GARDEN,0,0,1
1308,1/1/2013,45,LINGERIE,0,0,1
1309,1/1/2013,45,"LIQUOR,WINE,BEER",0,0,1
1310,1/1/2013,45,MAGAZINES,0,0,1
1311,1/1/2013,45,MEATS,0,0,1
1312,1/1/2013,45,PERSONAL CARE,0,0,1
1313,1/1/2013,45,PET SUPPLIES,0,0,1
1314,1/1/2013,45,PLAYERS AND ELECTRONICS,0,0,1
1315,1/1/2013,45,POULTRY,0,0,1
1316,1/1/2013,45,PREPARED FOODS,0,0,1
1317,1/1/2013,45,PRODUCE,0,0,1
1318,1/1/2013,45,SCHOOL AND OFFICE SUPPLIES,0,0,1
1319,1/1/2013,45,SEAFOOD,0,0,1
1320,1/1/2013,46,AUTOMOTIVE,0,0,1
1321,1/1/2013,46,BABY CARE,0,0,1
1322,1/1/2013,46,BEAUTY,0,0,1
1323,1/1/2013,46,BEVERAGES,0,0,1
1324,1/1/2013,46,BOOKS,0,0,1
1325,1/1/2013,46,BREAD/BAKERY,0,0,1
1326,1/1/2013,46,CELEBRATION,0,0,1
1327,1/1/2013,46,CLEANING,0,0,1
1328,1/1/2013,46,DAIRY,0,0,1
1329,1/1/2013,46,DELI,0,0,1
1330,1/1/2013,46,EGGS,0,0,1
1331,1/1/2013,46,FROZEN FOODS,0,0,1
1332,1/1/2013,46,GROCERY I,0,0,1
1333,1/1/2013,46,GROCERY II,0,0,1
1334,1/1/2013,46,HARDWARE,0,0,1
1335,1/1/2013,46,HOME AND KITCHEN I,0,0,1
1336,1/1/2013,46,HOME AND KITCHEN II,0,0,1
1337,1/1/2013,46,HOME APPLIANCES,0,0,1
1338,1/1/2013,46,HOME CARE,0,0,1
1339,1/1/2013,46,LADIESWEAR,0,0,1
1340,1/1/2013,46,LAWN AND GARDEN,0,0,1
1341,1/1/2013,46,LINGERIE,0,0,1
1342,1/1/2013,46,"LIQUOR,WINE,BEER",0,0,1
1343,1/1/2013,46,MAGAZINES,0,0,1
1344,1/1/2013,46,MEATS,0,0,1
1345,1/1/2013,46,PERSONAL CARE,0,0,1
1346,1/1/2013,46,PET SUPPLIES,0,0,1
1347,1/1/2013,46,PLAYERS AND ELECTRONICS,0,0,1
1348,1/1/2013,46,POULTRY,0,0,1
1349,1/1/2013,46,PREPARED FOODS,0,0,1
1350,1/1/2013,46,PRODUCE,0,0,1
1351,1/1/2013,46,SCHOOL AND OFFICE SUPPLIES,0,0,1
1352,1/1/2013,46,SEAFOOD,0,0,1
1353,1/1/2013,47,AUTOMOTIVE,0,0,1
1354,1/1/2013,47,BABY CARE,0,0,1
1355,1/1/2013,47,BEAUTY,0,0,1
1356,1/1/2013,47,BEVERAGES,0,0,1
1357,1/1/2013,47,BOOKS,0,0,1
1358,1/1/2013,47,BREAD/BAKERY,0,0,1
1359,1/1/2013,47,CELEBRATION,0,0,1
1360,1/1/2013,47,CLEANING,0,0,1
1361,1/1/2013,47,DAIRY,0,0,1
1362,1/1/2013,47,DELI,0,0,1
1363,1/1/2013,47,EGGS,0,0,1
1364,1/1/2013,47,FROZEN FOODS,0,0,1
1365,1/1/2013,47,GROCERY I,0,0,1
1366,1/1/2013,47,GROCERY II,0,0,1
1367,1/1/2013,47,HARDWARE,0,0,1
1368,1/1/2013,47,HOME AND KITCHEN I,0,0,1
1369,1/1/2013,47,HOME AND KITCHEN II,0,0,1
1370,1/1/2013,47,HOME APPLIANCES,0,0,1
1371,1/1/2013,47,HOME CARE,0,0,1
1372,1/1/2013,47,LADIESWEAR,0,0,1
1373,1/1/2013,47,LAWN AND GARDEN,0,0,1
1374,1/1/2013,47,LINGERIE,0,0,1
1375,1/1/2013,47,"LIQUOR,WINE,BEER",0,0,1
1376,1/1/2013,47,MAGAZINES,0,0,1
1377,1/1/2013,47,MEATS,0,0,1
1378,1/1/2013,47,PERSONAL CARE,0,0,1
1379,1/1/2013,47,PET SUPPLIES,0,0,1
1380,1/1/2013,47,PLAYERS AND ELECTRONICS,0,0,1
1381,1/1/2013,47,POULTRY,0,0,1
1382,1/1/2013,47,PREPARED FOODS,0,0,1
1383,1/1/2013,47,PRODUCE,0,0,1
1384,1/1/2013,47,SCHOOL AND OFFICE SUPPLIES,0,0,1
1385,1/1/2013,47,SEAFOOD,0,0,1
1386,1/1/2013,48,AUTOMOTIVE,0,0,1
1387,1/1/2013,48,BABY CARE,0,0,1
1388,1/1/2013,48,BEAUTY,0,0,1
1389,1/1/2013,48,BEVERAGES,0,0,1
1390,1/1/2013,48,BOOKS,0,0,1
1391,1/1/2013,48,BREAD/BAKERY,0,0,1
1392,1/1/2013,48,CELEBRATION,0,0,1
1393,1/1/2013,48,CLEANING,0,0,1
1394,1/1/2013,48,DAIRY,0,0,1
1395,1/1/2013,48,DELI,0,0,1
1396,1/1/2013,48,EGGS,0,0,1
1397,1/1/2013,48,FROZEN FOODS,0,0,1
1398,1/1/2013,48,GROCERY I,0,0,1
1399,1/1/2013,48,GROCERY II,0,0,1
1400,1/1/2013,48,HARDWARE,0,0,1
1401,1/1/2013,48,HOME AND KITCHEN I,0,0,1
1402,1/1/2013,48,HOME AND KITCHEN II,0,0,1
1403,1/1/2013,48,HOME APPLIANCES,0,0,1
1404,1/1/2013,48,HOME CARE,0,0,1
1405,1/1/2013,48,LADIESWEAR,0,0,1
1406,1/1/2013,48,LAWN AND GARDEN,0,0,1
1407,1/1/2013,48,LINGERIE,0,0,1
1408,1/1/2013,48,"LIQUOR,WINE,BEER",0,0,1
1409,1/1/2013,48,MAGAZINES,0,0,1
1410,1/1/2013,48,MEATS,0,0,1
1411,1/1/2013,48,PERSONAL CARE,0,0,1
1412,1/1/2013,48,PET SUPPLIES,0,0,1
1413,1/1/2013,48,PLAYERS AND ELECTRONICS,0,0,1
1414,1/1/2013,48,POULTRY,0,0,1
1415,1/1/2013,48,PREPARED FOODS,0,0,1
1416,1/1/2013,48,PRODUCE,0,0,1
1417,1/1/2013,48,SCHOOL AND OFFICE SUPPLIES,0,0,1
1418,1/1/2013,48,SEAFOOD,0,0,1
1419,1/1/2013,49,AUTOMOTIVE,0,0,1
1420,1/1/2013,49,BABY CARE,0,0,1
1421,1/1/2013,49,BEAUTY,0,0,1
1422,1/1/2013,49,BEVERAGES,0,0,1
1423,1/1/2013,49,BOOKS,0,0,1
1424,1/1/2013,49,BREAD/BAKERY,0,0,1
1425,1/1/2013,49,CELEBRATION,0,0,1
1426,1/1/2013,49,CLEANING,0,0,1
1427,1/1/2013,49,DAIRY,0,0,1
1428,1/1/2013,49,DELI,0,0,1
1429,1/1/2013,49,EGGS,0,0,1
1430,1/1/2013,49,FROZEN FOODS,0,0,1
1431,1/1/2013,49,GROCERY I,0,0,1
1432,1/1/2013,49,GROCERY II,0,0,1
1433,1/1/2013,49,HARDWARE,0,0,1
1434,1/1/2013,49,HOME AND KITCHEN I,0,0,1
1435,1/1/2013,49,HOME AND KITCHEN II,0,0,1
1436,1/1/2013,49,HOME APPLIANCES,0,0,1
1437,1/1/2013,49,HOME CARE,0,0,1
1438,1/1/2013,49,LADIESWEAR,0,0,1
1439,1/1/2013,49,LAWN AND GARDEN,0,0,1
1440,1/1/2013,49,LINGERIE,0,0,1
1441,1/1/2013,49,"LIQUOR,WINE,BEER",0,0,1
1442,1/1/2013,49,MAGAZINES,0,0,1
1443,1/1/2013,49,MEATS,0,0,1
1444,1/1/2013,49,PERSONAL CARE,0,0,1
1445,1/1/2013,49,PET SUPPLIES,0,0,1
1446,1/1/2013,49,PLAYERS AND ELECTRONICS,0,0,1
1447,1/1/2013,49,POULTRY,0,0,1
1448,1/1/2013,49,PREPARED FOODS,0,0,1
1449,1/1/2013,49,PRODUCE,0,0,1
1450,1/1/2013,49,SCHOOL AND OFFICE SUPPLIES,0,0,1
1451,1/1/2013,49,SEAFOOD,0,0,1
1452,1/1/2013,5,AUTOMOTIVE,0,0,1
1453,1/1/2013,5,BABY CARE,0,0,1
1454,1/1/2013,5,BEAUTY,0,0,1
1455,1/1/2013,5,BEVERAGES,0,0,1
1456,1/1/2013,5,BOOKS,0,0,1
1457,1/1/2013,5,BREAD/BAKERY,0,0,1
1458,1/1/2013,5,CELEBRATION,0,0,1
1459,1/1/2013,5,CLEANING,0,0,1
1460,1/1/2013,5,DAIRY,0,0,1
1461,1/1/2013,5,DELI,0,0,1
1462,1/1/2013,5,EGGS,0,0,1
1463,1/1/2013,5,FROZEN FOODS,0,0,1
1464,1/1/2013,5,GROCERY I,0,0,1
1465,1/1/2013,5,GROCERY II,0,0,1
1466,1/1/2013,5,HARDWARE,0,0,1
1467,1/1/2013,5,HOME AND KITCHEN I,0,0,1
1468,1/1/2013,5,HOME AND KITCHEN II,0,0,1
1469,1/1/2013,5,HOME APPLIANCES,0,0,1
1470,1/1/2013,5,HOME CARE,0,0,1
1471,1/1/2013,5,LADIESWEAR,0,0,1
1472,1/1/2013,5,LAWN AND GARDEN,0,0,1
1473,1/1/2013,5,LINGERIE,0,0,1
1474,1/1/2013,5,"LIQUOR,WINE,BEER",0,0,1
1475,1/1/2013,5,MAGAZINES,0,0,1
1476,1/1/2013,5,MEATS,0,0,1
1477,1/1/2013,5,PERSONAL CARE,0,0,1
1478,1/1/2013,5,PET SUPPLIES,0,0,1
1479,1/1/2013,5,PLAYERS AND ELECTRONICS,0,0,1
1480,1/1/2013,5,POULTRY,0,0,1
1481,1/1/2013,5,PREPARED FOODS,0,0,1
1482,1/1/2013,5,PRODUCE,0,0,1
1483,1/1/2013,5,SCHOOL AND OFFICE SUPPLIES,0,0,1
1484,1/1/2013,5,SEAFOOD,0,0,1
1485,1/1/2013,50,AUTOMOTIVE,0,0,1
1486,1/1/2013,50,BABY CARE,0,0,1
1487,1/1/2013,50,BEAUTY,0,0,1
1488,1/1/2013,50,BEVERAGES,0,0,1
1489,1/1/2013,50,BOOKS,0,0,1
1490,1/1/2013,50,BREAD/BAKERY,0,0,1
1491,1/1/2013,50,CELEBRATION,0,0,1
1492,1/1/2013,50,CLEANING,0,0,1
1493,1/1/2013,50,DAIRY,0,0,1
1494,1/1/2013,50,DELI,0,0,1
1495,1/1/2013,50,EGGS,0,0,1
1496,1/1/2013,50,FROZEN FOODS,0,0,1
1497,1/1/2013,50,GROCERY I,0,0,1
1498,1/1/2013,50,GROCERY II,0,0,1
1499,1/1/2013,50,HARDWARE,0,0,1
1500,1/1/2013,50,HOME AND KITCHEN I,0,0,1
1501,1/1/2013,50,HOME AND KITCHEN II,0,0,1
1502,1/1/2013,50,HOME APPLIANCES,0,0,1
1503,1/1/2013,50,HOME CARE,0,0,1
1504,1/1/2013,50,LADIESWEAR,0,0,1
1505,1/1/2013,50,LAWN AND GARDEN,0,0,1
1506,1/1/2013,50,LINGERIE,0,0,1
1507,1/1/2013,50,"LIQUOR,WINE,BEER",0,0,1
1508,1/1/2013,50,MAGAZINES,0,0,1
1509,1/1/2013,50,MEATS,0,0,1
1510,1/1/2013,50,PERSONAL CARE,0,0,1
1511,1/1/2013,50,PET SUPPLIES,0,0,1
1512,1/1/2013,50,PLAYERS AND ELECTRONICS,0,0,1
1513,1/1/2013,50,POULTRY,0,0,1
1514,1/1/2013,50,PREPARED FOODS,0,0,1
1515,1/1/2013,50,PRODUCE,0,0,1
1516,1/1/2013,50,SCHOOL AND OFFICE SUPPLIES,0,0,1
1517,1/1/2013,50,SEAFOOD,0,0,1
1518,1/1/2013,51,AUTOMOTIVE,0,0,1
1519,1/1/2013,51,BABY CARE,0,0,1
1520,1/1/2013,51,BEAUTY,0,0,1
1521,1/1/2013,51,BEVERAGES,0,0,1
1522,1/1/2013,51,BOOKS,0,0,1
1523,1/1/2013,51,BREAD/BAKERY,0,0,1
1524,1/1/2013,51,CELEBRATION,0,0,1
1525,1/1/2013,51,CLEANING,0,0,1
1526,1/1/2013,51,DAIRY,0,0,1
1527,1/1/2013,51,DELI,0,0,1
1528,1/1/2013,51,EGGS,0,0,1
1529,1/1/2013,51,FROZEN FOODS,0,0,1
1530,1/1/2013,51,GROCERY I,0,0,1
1531,1/1/2013,51,GROCERY II,0,0,1
1532,1/1/2013,51,HARDWARE,0,0,1
1533,1/1/2013,51,HOME AND KITCHEN I,0,0,1
1534,1/1/2013,51,HOME AND KITCHEN II,0,0,1
1535,1/1/2013,51,HOME APPLIANCES,0,0,1
1536,1/1/2013,51,HOME CARE,0,0,1
1537,1/1/2013,51,LADIESWEAR,0,0,1
1538,1/1/2013,51,LAWN AND GARDEN,0,0,1
1539,1/1/2013,51,LINGERIE,0,0,1
1540,1/1/2013,51,"LIQUOR,WINE,BEER",0,0,1
1541,1/1/2013,51,MAGAZINES,0,0,1
1542,1/1/2013,51,MEATS,0,0,1
1543,1/1/2013,51,PERSONAL CARE,0,0,1
1544,1/1/2013,51,PET SUPPLIES,0,0,1
1545,1/1/2013,51,PLAYERS AND ELECTRONICS,0,0,1
1546,1/1/2013,51,POULTRY,0,0,1
1547,1/1/2013,51,PREPARED FOODS,0,0,1
1548,1/1/2013,51,PRODUCE,0,0,1
1549,1/1/2013,51,SCHOOL AND OFFICE SUPPLIES,0,0,1
1550,1/1/2013,51,SEAFOOD,0,0,1
1551,1/1/2013,52,AUTOMOTIVE,0,0,1
1552,1/1/2013,52,BABY CARE,0,0,1
1553,1/1/2013,52,BEAUTY,0,0,1
1554,1/1/2013,52,BEVERAGES,0,0,1
1555,1/1/2013,52,BOOKS,0,0,1
1556,1/1/2013,52,BREAD/BAKERY,0,0,1
1557,1/1/2013,52,CELEBRATION,0,0,1
1558,1/1/2013,52,CLEANING,0,0,1
1559,1/1/2013,52,DAIRY,0,0,1
1560,1/1/2013,52,DELI,0,0,1
1561,1/1/2013,52,EGGS,0,0,1
1562,1/1/2013,52,FROZEN FOODS,0,0,1
1563,1/1/2013,52,GROCERY I,0,0,1
1564,1/1/2013,52,GROCERY II,0,0,1
1565,1/1/2013,52,HARDWARE,0,0,1
1566,1/1/2013,52,HOME AND KITCHEN I,0,0,1
1567,1/1/2013,52,HOME AND KITCHEN II,0,0,1
1568,1/1/2013,52,HOME APPLIANCES,0,0,1
1569,1/1/2013,52,HOME CARE,0,0,1
1570,1/1/2013,52,LADIESWEAR,0,0,1
1571,1/1/2013,52,LAWN AND GARDEN,0,0,1
1572,1/1/2013,52,LINGERIE,0,0,1
1573,1/1/2013,52,"LIQUOR,WINE,BEER",0,0,1
1574,1/1/2013,52,MAGAZINES,0,0,1
1575,1/1/2013,52,MEATS,0,0,1
1576,1/1/2013,52,PERSONAL CARE,0,0,1
1577,1/1/2013,52,PET SUPPLIES,0,0,1
1578,1/1/2013,52,PLAYERS AND ELECTRONICS,0,0,1
1579,1/1/2013,52,POULTRY,0,0,1
1580,1/1/2013,52,PREPARED FOODS,0,0,1
1581,1/1/2013,52,PRODUCE,0,0,1
1582,1/1/2013,52,SCHOOL AND OFFICE SUPPLIES,0,0,1
1583,1/1/2013,52,SEAFOOD,0,0,1
1584,1/1/2013,53,AUTOMOTIVE,0,0,1
1585,1/1/2013,53,BABY CARE,0,0,1
1586,1/1/2013,53,BEAUTY,0,0,1
1587,1/1/2013,53,BEVERAGES,0,0,1
1588,1/1/2013,53,BOOKS,0,0,1
1589,1/1/2013,53,BREAD/BAKERY,0,0,1
1590,1/1/2013,53,CELEBRATION,0,0,1
1591,1/1/2013,53,CLEANING,0,0,1
1592,1/1/2013,53,DAIRY,0,0,1
1593,1/1/2013,53,DELI,0,0,1
1594,1/1/2013,53,EGGS,0,0,1
1595,1/1/2013,53,FROZEN FOODS,0,0,1
1596,1/1/2013,53,GROCERY I,0,0,1
1597,1/1/2013,53,GROCERY II,0,0,1
1598,1/1/2013,53,HARDWARE,0,0,1
1599,1/1/2013,53,HOME AND KITCHEN I,0,0,1
1600,1/1/2013,53,HOME AND KITCHEN II,0,0,1
1601,1/1/2013,53,HOME APPLIANCES,0,0,1
1602,1/1/2013,53,HOME CARE,0,0,1
1603,1/1/2013,53,LADIESWEAR,0,0,1
1604,1/1/2013,53,LAWN AND GARDEN,0,0,1
1605,1/1/2013,53,LINGERIE,0,0,1
1606,1/1/2013,53,"LIQUOR,WINE,BEER",0,0,1
1607,1/1/2013,53,MAGAZINES,0,0,1
1608,1/1/2013,53,MEATS,0,0,1
1609,1/1/2013,53,PERSONAL CARE,0,0,1
1610,1/1/2013,53,PET SUPPLIES,0,0,1
1611,1/1/2013,53,PLAYERS AND ELECTRONICS,0,0,1
1612,1/1/2013,53,POULTRY,0,0,1
1613,1/1/2013,53,PREPARED FOODS,0,0,1
1614,1/1/2013,53,PRODUCE,0,0,1
1615,1/1/2013,53,SCHOOL AND OFFICE SUPPLIES,0,0,1
1616,1/1/2013,53,SEAFOOD,0,0,1
1617,1/1/2013,54,AUTOMOTIVE,0,0,1
1618,1/1/2013,54,BABY CARE,0,0,1
1619,1/1/2013,54,BEAUTY,0,0,1
1620,1/1/2013,54,BEVERAGES,0,0,1
1621,1/1/2013,54,BOOKS,0,0,1
1622,1/1/2013,54,BREAD/BAKERY,0,0,1
1623,1/1/2013,54,CELEBRATION,0,0,1
1624,1/1/2013,54,CLEANING,0,0,1
1625,1/1/2013,54,DAIRY,0,0,1
1626,1/1/2013,54,DELI,0,0,1
1627,1/1/2013,54,EGGS,0,0,1
1628,1/1/2013,54,FROZEN FOODS,0,0,1
1629,1/1/2013,54,GROCERY I,0,0,1
1630,1/1/2013,54,GROCERY II,0,0,1
1631,1/1/2013,54,HARDWARE,0,0,1
1632,1/1/2013,54,HOME AND KITCHEN I,0,0,1
1633,1/1/2013,54,HOME AND KITCHEN II,0,0,1
1634,1/1/2013,54,HOME APPLIANCES,0,0,1
1635,1/1/2013,54,HOME CARE,0,0,1
1636,1/1/2013,54,LADIESWEAR,0,0,1
1637,1/1/2013,54,LAWN AND GARDEN,0,0,1
1638,1/1/2013,54,LINGERIE,0,0,1
1639,1/1/2013,54,"LIQUOR,WINE,BEER",0,0,1
1640,1/1/2013,54,MAGAZINES,0,0,1
1641,1/1/2013,54,MEATS,0,0,1
1642,1/1/2013,54,PERSONAL CARE,0,0,1
1643,1/1/2013,54,PET SUPPLIES,0,0,1
1644,1/1/2013,54,PLAYERS AND ELECTRONICS,0,0,1
1645,1/1/2013,54,POULTRY,0,0,1
1646,1/1/2013,54,PREPARED FOODS,0,0,1
1647,1/1/2013,54,PRODUCE,0,0,1
1648,1/1/2013,54,SCHOOL AND OFFICE SUPPLIES,0,0,1
1649,1/1/2013,54,SEAFOOD,0,0,1
1650,1/1/2013,6,AUTOMOTIVE,0,0,1
1651,1/1/2013,6,BABY CARE,0,0,1
1652,1/1/2013,6,BEAUTY,0,0,1
1653,1/1/2013,6,BEVERAGES,0,0,1
1654,1/1/2013,6,BOOKS,0,0,1
1655,1/1/2013,6,BREAD/BAKERY,0,0,1
1656,1/1/2013,6,CELEBRATION,0,0,1
1657,1/1/2013,6,CLEANING,0,0,1
1658,1/1/2013,6,DAIRY,0,0,1
1659,1/1/2013,6,DELI,0,0,1
1660,1/1/2013,6,EGGS,0,0,1
1661,1/1/2013,6,FROZEN FOODS,0,0,1
1662,1/1/2013,6,GROCERY I,0,0,1
1663,1/1/2013,6,GROCERY II,0,0,1
1664,1/1/2013,6,HARDWARE,0,0,1
1665,1/1/2013,6,HOME AND KITCHEN I,0,0,1
1666,1/1/2013,6,HOME AND KITCHEN II,0,0,1
1667,1/1/2013,6,HOME APPLIANCES,0,0,1
1668,1/1/2013,6,HOME CARE,0,0,1
1669,1/1/2013,6,LADIESWEAR,0,0,1
1670,1/1/2013,6,LAWN AND GARDEN,0,0,1
1671,1/1/2013,6,LINGERIE,0,0,1
1672,1/1/2013,6,"LIQUOR,WINE,BEER",0,0,1
1673,1/1/2013,6,MAGAZINES,0,0,1
1674,1/1/2013,6,MEATS,0,0,1
1675,1/1/2013,6,PERSONAL CARE,0,0,1
1676,1/1/2013,6,PET SUPPLIES,0,0,1
1677,1/1/2013,6,PLAYERS AND ELECTRONICS,0,0,1
1678,1/1/2013,6,POULTRY,0,0,1
1679,1/1/2013,6,PREPARED FOODS,0,0,1
1680,1/1/2013,6,PRODUCE,0,0,1
1681,1/1/2013,6,SCHOOL AND OFFICE SUPPLIES,0,0,1
1682,1/1/2013,6,SEAFOOD,0,0,1
1683,1/1/2013,7,AUTOMOTIVE,0,0,1
1684,1/1/2013,7,BABY CARE,0,0,1
1685,1/1/2013,7,BEAUTY,0,0,1
1686,1/1/2013,7,BEVERAGES,0,0,1
1687,1/1/2013,7,BOOKS,0,0,1
1688,1/1/2013,7,BREAD/BAKERY,0,0,1
1689,1/1/2013,7,CELEBRATION,0,0,1
1690,1/1/2013,7,CLEANING,0,0,1
1691,1/1/2013,7,DAIRY,0,0,1
1692,1/1/2013,7,DELI,0,0,1
1693,1/1/2013,7,EGGS,0,0,1
1694,1/1/2013,7,FROZEN FOODS,0,0,1
1695,1/1/2013,7,GROCERY I,0,0,1
1696,1/1/2013,7,GROCERY II,0,0,1
1697,1/1/2013,7,HARDWARE,0,0,1
1698,1/1/2013,7,HOME AND KITCHEN I,0,0,1
1699,1/1/2013,7,HOME AND KITCHEN II,0,0,1
1700,1/1/2013,7,HOME APPLIANCES,0,0,1
1701,1/1/2013,7,HOME CARE,0,0,1
1702,1/1/2013,7,LADIESWEAR,0,0,1
1703,1/1/2013,7,LAWN AND GARDEN,0,0,1
1704,1/1/2013,7,LINGERIE,0,0,1
1705,1/1/2013,7,"LIQUOR,WINE,BEER",0,0,1
1706,1/1/2013,7,MAGAZINES,0,0,1
1707,1/1/2013,7,MEATS,0,0,1
1708,1/1/2013,7,PERSONAL CARE,0,0,1
1709,1/1/2013,7,PET SUPPLIES,0,0,1
1710,1/1/2013,7,PLAYERS AND ELECTRONICS,0,0,1
1711,1/1/2013,7,POULTRY,0,0,1
1712,1/1/2013,7,PREPARED FOODS,0,0,1
1713,1/1/2013,7,PRODUCE,0,0,1
1714,1/1/2013,7,SCHOOL AND OFFICE SUPPLIES,0,0,1
1715,1/1/2013,7,SEAFOOD,0,0,1
1716,1/1/2013,8,AUTOMOTIVE,0,0,1
1717,1/1/2013,8,BABY CARE,0,0,1
1718,1/1/2013,8,BEAUTY,0,0,1
1719,1/1/2013,8,BEVERAGES,0,0,1
1720,1/1/2013,8,BOOKS,0,0,1
1721,1/1/2013,8,BREAD/BAKERY,0,0,1
1722,1/1/2013,8,CELEBRATION,0,0,1
1723,1/1/2013,8,CLEANING,0,0,1
1724,1/1/2013,8,DAIRY,0,0,1
1725,1/1/2013,8,DELI,0,0,1
1726,1/1/2013,8,EGGS,0,0,1
1727,1/1/2013,8,FROZEN FOODS,0,0,1
1728,1/1/2013,8,GROCERY I,0,0,1
1729,1/1/2013,8,GROCERY II,0,0,1
1730,1/1/2013,8,HARDWARE,0,0,1
1731,1/1/2013,8,HOME AND KITCHEN I,0,0,1
1732,1/1/2013,8,HOME AND KITCHEN II,0,0,1
1733,1/1/2013,8,HOME APPLIANCES,0,0,1
1734,1/1/2013,8,HOME CARE,0,0,1
1735,1/1/2013,8,LADIESWEAR,0,0,1
1736,1/1/2013,8,LAWN AND GARDEN,0,0,1
1737,1/1/2013,8,LINGERIE,0,0,1
1738,1/1/2013,8,"LIQUOR,WINE,BEER",0,0,1
1739,1/1/2013,8,MAGAZINES,0,0,1
1740,1/1/2013,8,MEATS,0,0,1
1741,1/1/2013,8,PERSONAL CARE,0,0,1
1742,1/1/2013,8,PET SUPPLIES,0,0,1
1743,1/1/2013,8,PLAYERS AND ELECTRONICS,0,0,1
1744,1/1/2013,8,POULTRY,0,0,1
1745,1/1/2013,8,PREPARED FOODS,0,0,1
1746,1/1/2013,8,PRODUCE,0,0,1
1747,1/1/2013,8,SCHOOL AND OFFICE SUPPLIES,0,0,1
1748,1/1/2013,8,SEAFOOD,0,0,1
1749,1/1/2013,9,AUTOMOTIVE,0,0,1
1750,1/1/2013,9,BABY CARE,0,0,1
1751,1/1/2013,9,BEAUTY,0,0,1
1752,1/1/2013,9,BEVERAGES,0,0,1
1753,1/1/2013,9,BOOKS,0,0,1
1754,1/1/2013,9,BREAD/BAKERY,0,0,1
1755,1/1/2013,9,CELEBRATION,0,0,1
1756,1/1/2013,9,CLEANING,0,0,1
1757,1/1/2013,9,DAIRY,0,0,1
1758,1/1/2013,9,DELI,0,0,1
1759,1/1/2013,9,EGGS,0,0,1
1760,1/1/2013,9,FROZEN FOODS,0,0,1
1761,1/1/2013,9,GROCERY I,0,0,1
1762,1/1/2013,9,GROCERY II,0,0,1
1763,1/1/2013,9,HARDWARE,0,0,1
1764,1/1/2013,9,HOME AND KITCHEN I,0,0,1
1765,1/1/2013,9,HOME AND KITCHEN II,0,0,1
1766,1/1/2013,9,HOME APPLIANCES,0,0,1
1767,1/1/2013,9,HOME CARE,0,0,1
1768,1/1/2013,9,LADIESWEAR,0,0,1
1769,1/1/2013,9,LAWN AND GARDEN,0,0,1
1770,1/1/2013,9,LINGERIE,0,0,1
1771,1/1/2013,9,"LIQUOR,WINE,BEER",0,0,1
1772,1/1/2013,9,MAGAZINES,0,0,1
1773,1/1/2013,9,MEATS,0,0,1
1774,1/1/2013,9,PERSONAL CARE,0,0,1
1775,1/1/2013,9,PET SUPPLIES,0,0,1
1776,1/1/2013,9,PLAYERS AND ELECTRONICS,0,0,1
1777,1/1/2013,9,POULTRY,0,0,1
1778,1/1/2013,9,PREPARED FOODS,0,0,1
1779,1/1/2013,9,PRODUCE,0,0,1
1780,1/1/2013,9,SCHOOL AND OFFICE SUPPLIES,0,0,1
1781,1/1/2013,9,SEAFOOD,0,0,1
1782,1/2/2013,1,AUTOMOTIVE,2,0,1
1783,1/2/2013,1,BABY CARE,0,0,1
1784,1/2/2013,1,BEAUTY,2,0,1
1785,1/2/2013,1,BEVERAGES,1091,0,1
1786,1/2/2013,1,BOOKS,0,0,1
1787,1/2/2013,1,BREAD/BAKERY,470.652,0,1
1788,1/2/2013,1,CELEBRATION,0,0,1
1789,1/2/2013,1,CLEANING,1060,0,1
1790,1/2/2013,1,DAIRY,579,0,1
1791,1/2/2013,1,DELI,164.069,0,1
1792,1/2/2013,1,EGGS,246,0,1
1793,1/2/2013,1,FROZEN FOODS,131,0,1
1794,1/2/2013,1,GROCERY I,2652,0,1
1795,1/2/2013,1,GROCERY II,31,0,1
1796,1/2/2013,1,HARDWARE,3,0,1
1797,1/2/2013,1,HOME AND KITCHEN I,0,0,1
1798,1/2/2013,1,HOME AND KITCHEN II,0,0,1
1799,1/2/2013,1,HOME APPLIANCES,0,0,1
1800,1/2/2013,1,HOME CARE,0,0,1
1801,1/2/2013,1,LADIESWEAR,0,0,1
1802,1/2/2013,1,LAWN AND GARDEN,10,0,1
1803,1/2/2013,1,LINGERIE,13,0,1
1804,1/2/2013,1,"LIQUOR,WINE,BEER",67,0,1
1805,1/2/2013,1,MAGAZINES,0,0,1
1806,1/2/2013,1,MEATS,369.101,0,1
1807,1/2/2013,1,PERSONAL CARE,194,0,1
1808,1/2/2013,1,PET SUPPLIES,0,0,1
1809,1/2/2013,1,PLAYERS AND ELECTRONICS,0,0,1
1810,1/2/2013,1,POULTRY,247.297,0,1
1811,1/2/2013,1,PREPARED FOODS,47,0,1
1812,1/2/2013,1,PRODUCE,0,0,1
1813,1/2/2013,1,SCHOOL AND OFFICE SUPPLIES,0,0,1
1814,1/2/2013,1,SEAFOOD,38.029,0,1
1815,1/2/2013,10,AUTOMOTIVE,3,0,1
1816,1/2/2013,10,BABY CARE,0,0,1
1817,1/2/2013,10,BEAUTY,6,0,1
1818,1/2/2013,10,BEVERAGES,396,0,1
1819,1/2/2013,10,BOOKS,0,0,1
1820,1/2/2013,10,BREAD/BAKERY,151,0,1
1821,1/2/2013,10,CELEBRATION,0,0,1
1822,1/2/2013,10,CLEANING,1110,0,1
1823,1/2/2013,10,DAIRY,101,0,1
1824,1/2/2013,10,DELI,276,0,1
1825,1/2/2013,10,EGGS,57,0,1
1826,1/2/2013,10,FROZEN FOODS,41.164,0,1
1827,1/2/2013,10,GROCERY I,2579,0,1
1828,1/2/2013,10,GROCERY II,8,0,1
1829,1/2/2013,10,HARDWARE,2,0,1
1830,1/2/2013,10,HOME AND KITCHEN I,0,0,1
1831,1/2/2013,10,HOME AND KITCHEN II,0,0,1
1832,1/2/2013,10,HOME APPLIANCES,0,0,1
1833,1/2/2013,10,HOME CARE,0,0,1
1834,1/2/2013,10,LADIESWEAR,0,0,1
1835,1/2/2013,10,LAWN AND GARDEN,0,0,1
1836,1/2/2013,10,LINGERIE,4,0,1
1837,1/2/2013,10,"LIQUOR,WINE,BEER",6,0,1
1838,1/2/2013,10,MAGAZINES,0,0,1
1839,1/2/2013,10,MEATS,291.14,0,1
1840,1/2/2013,10,PERSONAL CARE,223,0,1
1841,1/2/2013,10,PET SUPPLIES,0,0,1
1842,1/2/2013,10,PLAYERS AND ELECTRONICS,0,0,1
1843,1/2/2013,10,POULTRY,146.784,0,1
1844,1/2/2013,10,PREPARED FOODS,26,0,1
1845,1/2/2013,10,PRODUCE,0,0,1
1846,1/2/2013,10,SCHOOL AND OFFICE SUPPLIES,0,0,1
1847,1/2/2013,10,SEAFOOD,3,0,1
1848,1/2/2013,11,AUTOMOTIVE,12,0,1
1849,1/2/2013,11,BABY CARE,0,0,1
1850,1/2/2013,11,BEAUTY,7,0,1
1851,1/2/2013,11,BEVERAGES,3443,0,1
1852,1/2/2013,11,BOOKS,0,0,1
1853,1/2/2013,11,BREAD/BAKERY,763,0,1
1854,1/2/2013,11,CELEBRATION,0,0,1
1855,1/2/2013,11,CLEANING,3260,0,1
1856,1/2/2013,11,DAIRY,296,0,1
1857,1/2/2013,11,DELI,527.295,0,1
1858,1/2/2013,11,EGGS,140,0,1
1859,1/2/2013,11,FROZEN FOODS,57.771,0,1
1860,1/2/2013,11,GROCERY I,7736,0,1
1861,1/2/2013,11,GROCERY II,15,0,1
1862,1/2/2013,11,HARDWARE,3,0,1
1863,1/2/2013,11,HOME AND KITCHEN I,0,0,1
1864,1/2/2013,11,HOME AND KITCHEN II,0,0,1
1865,1/2/2013,11,HOME APPLIANCES,0,0,1
1866,1/2/2013,11,HOME CARE,0,0,1
1867,1/2/2013,11,LADIESWEAR,0,0,1
1868,1/2/2013,11,LAWN AND GARDEN,0,0,1
1869,1/2/2013,11,LINGERIE,20,0,1
1870,1/2/2013,11,"LIQUOR,WINE,BEER",29,0,1
1871,1/2/2013,11,MAGAZINES,0,0,1
1872,1/2/2013,11,MEATS,832.541,0,1
1873,1/2/2013,11,PERSONAL CARE,604,0,1
1874,1/2/2013,11,PET SUPPLIES,0,0,1
1875,1/2/2013,11,PLAYERS AND ELECTRONICS,0,0,1
1876,1/2/2013,11,POULTRY,548.031,0,1
1877,1/2/2013,11,PREPARED FOODS,31,0,1
1878,1/2/2013,11,PRODUCE,0,0,1
1879,1/2/2013,11,SCHOOL AND OFFICE SUPPLIES,0,0,1
1880,1/2/2013,11,SEAFOOD,5,0,1
1881,1/2/2013,12,AUTOMOTIVE,4,0,1
1882,1/2/2013,12,BABY CARE,0,0,1
1883,1/2/2013,12,BEAUTY,1,0,1
1884,1/2/2013,12,BEVERAGES,682,0,1
1885,1/2/2013,12,BOOKS,0,0,1
1886,1/2/2013,12,BREAD/BAKERY,337,0,1
1887,1/2/2013,12,CELEBRATION,0,0,1
1888,1/2/2013,12,CLEANING,1092,0,1
1889,1/2/2013,12,DAIRY,151,0,1
1890,1/2/2013,12,DELI,176,0,1
1891,1/2/2013,12,EGGS,75,0,1
1892,1/2/2013,12,FROZEN FOODS,14,0,1
1893,1/2/2013,12,GROCERY I,2677,0,1
1894,1/2/2013,12,GROCERY II,5,0,1
1895,1/2/2013,12,HARDWARE,0,0,1
1896,1/2/2013,12,HOME AND KITCHEN I,0,0,1
1897,1/2/2013,12,HOME AND KITCHEN II,0,0,1
1898,1/2/2013,12,HOME APPLIANCES,0,0,1
1899,1/2/2013,12,HOME CARE,0,0,1
1900,1/2/2013,12,LADIESWEAR,0,0,1
1901,1/2/2013,12,LAWN AND GARDEN,0,0,1
1902,1/2/2013,12,LINGERIE,9,0,1
1903,1/2/2013,12,"LIQUOR,WINE,BEER",36,0,1
1904,1/2/2013,12,MAGAZINES,0,0,1
1905,1/2/2013,12,MEATS,232.349,0,1
1906,1/2/2013,12,PERSONAL CARE,210,0,1
1907,1/2/2013,12,PET SUPPLIES,0,0,1
1908,1/2/2013,12,PLAYERS AND ELECTRONICS,0,0,1
1909,1/2/2013,12,POULTRY,103.168,0,1
1910,1/2/2013,12,PREPARED FOODS,41,0,1
1911,1/2/2013,12,PRODUCE,0,0,1
1912,1/2/2013,12,SCHOOL AND OFFICE SUPPLIES,0,0,1
1913,1/2/2013,12,SEAFOOD,9,0,1
1914,1/2/2013,13,AUTOMOTIVE,7,0,1
1915,1/2/2013,13,BABY CARE,0,0,1
1916,1/2/2013,13,BEAUTY,3,0,1
1917,1/2/2013,13,BEVERAGES,767,0,1
1918,1/2/2013,13,BOOKS,0,0,1
1919,1/2/2013,13,BREAD/BAKERY,231,0,1
1920,1/2/2013,13,CELEBRATION,0,0,1
1921,1/2/2013,13,CLEANING,1000,0,1
1922,1/2/2013,13,DAIRY,111,0,1
1923,1/2/2013,13,DELI,195,0,1
1924,1/2/2013,13,EGGS,48,0,1
1925,1/2/2013,13,FROZEN FOODS,28.541,0,1
1926,1/2/2013,13,GROCERY I,2587,0,1
1927,1/2/2013,13,GROCERY II,5,0,1
1928,1/2/2013,13,HARDWARE,0,0,1
1929,1/2/2013,13,HOME AND KITCHEN I,0,0,1
1930,1/2/2013,13,HOME AND KITCHEN II,0,0,1
1931,1/2/2013,13,HOME APPLIANCES,0,0,1
1932,1/2/2013,13,HOME CARE,0,0,1
1933,1/2/2013,13,LADIESWEAR,0,0,1
1934,1/2/2013,13,LAWN AND GARDEN,0,0,1
1935,1/2/2013,13,LINGERIE,10,0,1
1936,1/2/2013,13,"LIQUOR,WINE,BEER",17,0,1
1937,1/2/2013,13,MAGAZINES,0,0,1
1938,1/2/2013,13,MEATS,137.91,0,1
1939,1/2/2013,13,PERSONAL CARE,241,0,1
1940,1/2/2013,13,PET SUPPLIES,0,0,1
1941,1/2/2013,13,PLAYERS AND ELECTRONICS,0,0,1
1942,1/2/2013,13,POULTRY,102.38,0,1
1943,1/2/2013,13,PREPARED FOODS,25,0,1
1944,1/2/2013,13,PRODUCE,0,0,1
1945,1/2/2013,13,SCHOOL AND OFFICE SUPPLIES,0,0,1
1946,1/2/2013,13,SEAFOOD,1,0,1
1947,1/2/2013,14,AUTOMOTIVE,8,0,1
1948,1/2/2013,14,BABY CARE,0,0,1
1949,1/2/2013,14,BEAUTY,3,0,1
1950,1/2/2013,14,BEVERAGES,744,0,1
1951,1/2/2013,14,BOOKS,0,0,1
1952,1/2/2013,14,BREAD/BAKERY,409,0,1
1953,1/2/2013,14,CELEBRATION,0,0,1
1954,1/2/2013,14,CLEANING,1716,0,1
1955,1/2/2013,14,DAIRY,154,0,1
1956,1/2/2013,14,DELI,204,0,1
1957,1/2/2013,14,EGGS,53,0,1
1958,1/2/2013,14,FROZEN FOODS,119.343,0,1
1959,1/2/2013,14,GROCERY I,3257,0,1
1960,1/2/2013,14,GROCERY II,5,0,1
1961,1/2/2013,14,HARDWARE,0,0,1
1962,1/2/2013,14,HOME AND KITCHEN I,0,0,1
1963,1/2/2013,14,HOME AND KITCHEN II,0,0,1
1964,1/2/2013,14,HOME APPLIANCES,0,0,1
1965,1/2/2013,14,HOME CARE,0,0,1
1966,1/2/2013,14,LADIESWEAR,0,0,1
1967,1/2/2013,14,LAWN AND GARDEN,0,0,1
1968,1/2/2013,14,LINGERIE,23,0,1
1969,1/2/2013,14,"LIQUOR,WINE,BEER",10,0,1
1970,1/2/2013,14,MAGAZINES,0,0,1
1971,1/2/2013,14,MEATS,368.732,0,1
1972,1/2/2013,14,PERSONAL CARE,493,0,1
1973,1/2/2013,14,PET SUPPLIES,0,0,0
1974,1/2/2013,14,PLAYERS AND ELECTRONICS,0,0,0
1975,1/2/2013,14,POULTRY,98.178,0,0
1976,1/2/2013,14,PREPARED FOODS,24,0,0
1977,1/2/2013,14,PRODUCE,0,0,0
1978,1/2/2013,14,SCHOOL AND OFFICE SUPPLIES,0,0,0
1979,1/2/2013,14,SEAFOOD,9,0,0
1980,1/2/2013,15,AUTOMOTIVE,4,0,0
1981,1/2/2013,15,BABY CARE,0,0,0
1982,1/2/2013,15,BEAUTY,5,0,0
1983,1/2/2013,15,BEVERAGES,938,0,0
1984,1/2/2013,15,BOOKS,0,0,0
1985,1/2/2013,15,BREAD/BAKERY,270,0,0
1986,1/2/2013,15,CELEBRATION,0,0,0
1987,1/2/2013,15,CLEANING,1300,0,0
1988,1/2/2013,15,DAIRY,152,0,0
1989,1/2/2013,15,DELI,219,0,0
1990,1/2/2013,15,EGGS,73,0,0
1991,1/2/2013,15,FROZEN FOODS,33,0,0
1992,1/2/2013,15,GROCERY I,3130,0,0
1993,1/2/2013,15,GROCERY II,9,0,0
1994,1/2/2013,15,HARDWARE,1,0,0
1995,1/2/2013,15,HOME AND KITCHEN I,0,0,0
1996,1/2/2013,15,HOME AND KITCHEN II,0,0,0
1997,1/2/2013,15,HOME APPLIANCES,0,0,0
1998,1/2/2013,15,HOME CARE,0,0,0
1999,1/2/2013,15,LADIESWEAR,0,0,0
2000,1/2/2013,15,LAWN AND GARDEN,0,0,0
2001,1/2/2013,15,LINGERIE,5,0,0
2002,1/2/2013,15,"LIQUOR,WINE,BEER",16,0,0
2003,1/2/2013,15,MAGAZINES,0,0,0
2004,1/2/2013,15,MEATS,84.805,0,0
2005,1/2/2013,15,PERSONAL CARE,312,0,0
2006,1/2/2013,15,PET SUPPLIES,0,0,0
2007,1/2/2013,15,PLAYERS AND ELECTRONICS,0,0,0
2008,1/2/2013,15,POULTRY,0,0,0
2009,1/2/2013,15,PREPARED FOODS,22,0,0
2010,1/2/2013,15,PRODUCE,0,0,0
2011,1/2/2013,15,SCHOOL AND OFFICE SUPPLIES,0,0,0
2012,1/2/2013,15,SEAFOOD,4,0,0
2013,1/2/2013,16,AUTOMOTIVE,5,0,0
2014,1/2/2013,16,BABY CARE,0,0,0
2015,1/2/2013,16,BEAUTY,0,0,0
2016,1/2/2013,16,BEVERAGES,389,0,0
2017,1/2/2013,16,BOOKS,0,0,0
2018,1/2/2013,16,BREAD/BAKERY,227,0,0
2019,1/2/2013,16,CELEBRATION,0,0,0
2020,1/2/2013,16,CLEANING,1361,0,0
2021,1/2/2013,16,DAIRY,122,0,0
2022,1/2/2013,16,DELI,295,0,0
2023,1/2/2013,16,EGGS,155,0,0
2024,1/2/2013,16,FROZEN FOODS,29,0,0
2025,1/2/2013,16,GROCERY I,3176,0,0
2026,1/2/2013,16,GROCERY II,10,0,0
2027,1/2/2013,16,HARDWARE,0,0,0
2028,1/2/2013,16,HOME AND KITCHEN I,0,0,0
2029,1/2/2013,16,HOME AND KITCHEN II,0,0,0
2030,1/2/2013,16,HOME APPLIANCES,0,0,0
2031,1/2/2013,16,HOME CARE,0,0,0
2032,1/2/2013,16,LADIESWEAR,0,0,0
2033,1/2/2013,16,LAWN AND GARDEN,0,0,0
2034,1/2/2013,16,LINGERIE,9,0,0
2035,1/2/2013,16,"LIQUOR,WINE,BEER",17,0,0
2036,1/2/2013,16,MAGAZINES,0,0,0
2037,1/2/2013,16,MEATS,12.584,0,0
2038,1/2/2013,16,PERSONAL CARE,275,0,0
2039,1/2/2013,16,PET SUPPLIES,0,0,0
2040,1/2/2013,16,PLAYERS AND ELECTRONICS,0,0,0
2041,1/2/2013,16,POULTRY,117.988,0,0
2042,1/2/2013,16,PREPARED FOODS,37,0,0
2043,1/2/2013,16,PRODUCE,0,0,0
2044,1/2/2013,16,SCHOOL AND OFFICE SUPPLIES,0,0,0
2045,1/2/2013,16,SEAFOOD,5,0,0
2046,1/2/2013,17,AUTOMOTIVE,8,0,0
2047,1/2/2013,17,BABY CARE,0,0,0
2048,1/2/2013,17,BEAUTY,2,0,0
2049,1/2/2013,17,BEVERAGES,1011,0,0
2050,1/2/2013,17,BOOKS,0,0,0
2051,1/2/2013,17,BREAD/BAKERY,282,0,0
2052,1/2/2013,17,CELEBRATION,0,0,0
2053,1/2/2013,17,CLEANING,1329,0,0
2054,1/2/2013,17,DAIRY,185,0,0
2055,1/2/2013,17,DELI,378,0,0
2056,1/2/2013,17,EGGS,139,0,0
2057,1/2/2013,17,FROZEN FOODS,48.516,0,0
2058,1/2/2013,17,GROCERY I,3431,0,0
2059,1/2/2013,17,GROCERY II,6,0,0
2060,1/2/2013,17,HARDWARE,0,0,0
2061,1/2/2013,17,HOME AND KITCHEN I,0,0,0
2062,1/2/2013,17,HOME AND KITCHEN II,0,0,0
2063,1/2/2013,17,HOME APPLIANCES,0,0,0
2064,1/2/2013,17,HOME CARE,0,0,0
2065,1/2/2013,17,LADIESWEAR,0,0,0
2066,1/2/2013,17,LAWN AND GARDEN,0,0,0
2067,1/2/2013,17,LINGERIE,7,0,0
2068,1/2/2013,17,"LIQUOR,WINE,BEER",120,0,0
2069,1/2/2013,17,MAGAZINES,0,0,0
2070,1/2/2013,17,MEATS,226.374,0,0
2071,1/2/2013,17,PERSONAL CARE,214,0,0
2072,1/2/2013,17,PET SUPPLIES,0,0,0
2073,1/2/2013,17,PLAYERS AND ELECTRONICS,0,0,0
2074,1/2/2013,17,POULTRY,223.623,0,0
2075,1/2/2013,17,PREPARED FOODS,47,0,0
2076,1/2/2013,17,PRODUCE,0,0,0
2077,1/2/2013,17,SCHOOL AND OFFICE SUPPLIES,0,0,0
2078,1/2/2013,17,SEAFOOD,16,0,0
2079,1/2/2013,18,AUTOMOTIVE,1,0,0
2080,1/2/2013,18,BABY CARE,0,0,0
2081,1/2/2013,18,BEAUTY,2,0,0
2082,1/2/2013,18,BEVERAGES,1089,0,0
2083,1/2/2013,18,BOOKS,0,0,0
2084,1/2/2013,18,BREAD/BAKERY,833,0,0
2085,1/2/2013,18,CELEBRATION,0,0,0
2086,1/2/2013,18,CLEANING,942,0,0
2087,1/2/2013,18,DAIRY,388,0,0
2088,1/2/2013,18,DELI,255.819,0,0
2089,1/2/2013,18,EGGS,238,0,0
2090,1/2/2013,18,FROZEN FOODS,93.764,0,0
2091,1/2/2013,18,GROCERY I,3756,0,0
2092,1/2/2013,18,GROCERY II,22,0,0
2093,1/2/2013,18,HARDWARE,0,0,0
2094,1/2/2013,18,HOME AND KITCHEN I,0,0,0
2095,1/2/2013,18,HOME AND KITCHEN II,0,0,0
2096,1/2/2013,18,HOME APPLIANCES,0,0,0
2097,1/2/2013,18,HOME CARE,0,0,0
2098,1/2/2013,18,LADIESWEAR,0,0,0
2099,1/2/2013,18,LAWN AND GARDEN,0,0,0
2100,1/2/2013,18,LINGERIE,8,0,0
2101,1/2/2013,18,"LIQUOR,WINE,BEER",24,0,0
2102,1/2/2013,18,MAGAZINES,0,0,0
2103,1/2/2013,18,MEATS,117.167,0,0
2104,1/2/2013,18,PERSONAL CARE,178,0,0
2105,1/2/2013,18,PET SUPPLIES,0,0,0
2106,1/2/2013,18,PLAYERS AND ELECTRONICS,0,0,0
2107,1/2/2013,18,POULTRY,173.817,0,0
2108,1/2/2013,18,PREPARED FOODS,60,0,0
2109,1/2/2013,18,PRODUCE,0,0,0
2110,1/2/2013,18,SCHOOL AND OFFICE SUPPLIES,0,0,0
2111,1/2/2013,18,SEAFOOD,23,0,0
2112,1/2/2013,19,AUTOMOTIVE,3,0,0
2113,1/2/2013,19,BABY CARE,0,0,0
2114,1/2/2013,19,BEAUTY,2,0,0
2115,1/2/2013,19,BEVERAGES,1220,0,0
2116,1/2/2013,19,BOOKS,0,0,0
2117,1/2/2013,19,BREAD/BAKERY,388,0,0
2118,1/2/2013,19,CELEBRATION,0,0,0
2119,1/2/2013,19,CLEANING,816,0,0
2120,1/2/2013,19,DAIRY,106,0,0
2121,1/2/2013,19,DELI,193,0,0
2122,1/2/2013,19,EGGS,40,0,0
2123,1/2/2013,19,FROZEN FOODS,13,0,0
2124,1/2/2013,19,GROCERY I,2439,0,0
2125,1/2/2013,19,GROCERY II,13,0,0
2126,1/2/2013,19,HARDWARE,0,0,0
2127,1/2/2013,19,HOME AND KITCHEN I,0,0,0
2128,1/2/2013,19,HOME AND KITCHEN II,0,0,0
2129,1/2/2013,19,HOME APPLIANCES,0,0,0
2130,1/2/2013,19,HOME CARE,0,0,0
2131,1/2/2013,19,LADIESWEAR,0,0,0
2132,1/2/2013,19,LAWN AND GARDEN,0,0,0
2133,1/2/2013,19,LINGERIE,4,0,0
2134,1/2/2013,19,"LIQUOR,WINE,BEER",1,0,0
2135,1/2/2013,19,MAGAZINES,0,0,0
2136,1/2/2013,19,MEATS,153.44101,0,0
2137,1/2/2013,19,PERSONAL CARE,119,0,0
2138,1/2/2013,19,PET SUPPLIES,0,0,0
2139,1/2/2013,19,PLAYERS AND ELECTRONICS,0,0,0
2140,1/2/2013,19,POULTRY,59.947998,0,0
2141,1/2/2013,19,PREPARED FOODS,42,0,0
2142,1/2/2013,19,PRODUCE,0,0,0
2143,1/2/2013,19,SCHOOL AND OFFICE SUPPLIES,0,0,0
2144,1/2/2013,19,SEAFOOD,3,0,0
2145,1/2/2013,2,AUTOMOTIVE,8,0,0
2146,1/2/2013,2,BABY CARE,0,0,0
2147,1/2/2013,2,BEAUTY,3,0,0
2148,1/2/2013,2,BEVERAGES,1481,0,0
2149,1/2/2013,2,BOOKS,0,0,0
2150,1/2/2013,2,BREAD/BAKERY,523.882,0,0
2151,1/2/2013,2,CELEBRATION,0,0,0
2152,1/2/2013,2,CLEANING,1432,0,0
2153,1/2/2013,2,DAIRY,651,0,0
2154,1/2/2013,2,DELI,303.875,0,0
2155,1/2/2013,2,EGGS,307,0,0
2156,1/2/2013,2,FROZEN FOODS,111.1,0,0
2157,1/2/2013,2,GROCERY I,3870,0,0
2158,1/2/2013,2,GROCERY II,39,0,0
2159,1/2/2013,2,HARDWARE,0,0,0
2160,1/2/2013,2,HOME AND KITCHEN I,0,0,0
2161,1/2/2013,2,HOME AND KITCHEN II,0,0,0
2162,1/2/2013,2,HOME APPLIANCES,0,0,0
2163,1/2/2013,2,HOME CARE,0,0,0
2164,1/2/2013,2,LADIESWEAR,0,0,0
2165,1/2/2013,2,LAWN AND GARDEN,2,0,0
2166,1/2/2013,2,LINGERIE,16,0,0
2167,1/2/2013,2,"LIQUOR,WINE,BEER",29,0,0
2168,1/2/2013,2,MAGAZINES,0,0,0
2169,1/2/2013,2,MEATS,655.626,0,0
2170,1/2/2013,2,PERSONAL CARE,333,0,0
2171,1/2/2013,2,PET SUPPLIES,0,0,0
2172,1/2/2013,2,PLAYERS AND ELECTRONICS,0,0,0
2173,1/2/2013,2,POULTRY,342.50598,0,0
2174,1/2/2013,2,PREPARED FOODS,127.357,0,0
2175,1/2/2013,2,PRODUCE,0,0,0
2176,1/2/2013,2,SCHOOL AND OFFICE SUPPLIES,0,0,0
2177,1/2/2013,2,SEAFOOD,31.373001,0,0
2178,1/2/2013,20,AUTOMOTIVE,0,0,0
2179,1/2/2013,20,BABY CARE,0,0,0
2180,1/2/2013,20,BEAUTY,0,0,0
2181,1/2/2013,20,BEVERAGES,0,0,0
2182,1/2/2013,20,BOOKS,0,0,0
2183,1/2/2013,20,BREAD/BAKERY,0,0,0
2184,1/2/2013,20,CELEBRATION,0,0,0
2185,1/2/2013,20,CLEANING,0,0,0
2186,1/2/2013,20,DAIRY,0,0,0
2187,1/2/2013,20,DELI,0,0,0
2188,1/2/2013,20,EGGS,0,0,0
2189,1/2/2013,20,FROZEN FOODS,0,0,0
2190,1/2/2013,20,GROCERY I,0,0,0
2191,1/2/2013,20,GROCERY II,0,0,0
2192,1/2/2013,20,HARDWARE,0,0,0
2193,1/2/2013,20,HOME AND KITCHEN I,0,0,0
2194,1/2/2013,20,HOME AND KITCHEN II,0,0,0
2195,1/2/2013,20,HOME APPLIANCES,0,0,0
2196,1/2/2013,20,HOME CARE,0,0,0
2197,1/2/2013,20,LADIESWEAR,0,0,0
2198,1/2/2013,20,LAWN AND GARDEN,0,0,0
2199,1/2/2013,20,LINGERIE,0,0,0
2200,1/2/2013,20,"LIQUOR,WINE,BEER",0,0,0
2201,1/2/2013,20,MAGAZINES,0,0,0
2202,1/2/2013,20,MEATS,0,0,0
2203,1/2/2013,20,PERSONAL CARE,0,0,0
2204,1/2/2013,20,PET SUPPLIES,0,0,0
2205,1/2/2013,20,PLAYERS AND ELECTRONICS,0,0,0
2206,1/2/2013,20,POULTRY,0,0,0
2207,1/2/2013,20,PREPARED FOODS,0,0,0
2208,1/2/2013,20,PRODUCE,0,0,0
2209,1/2/2013,20,SCHOOL AND OFFICE SUPPLIES,0,0,0
2210,1/2/2013,20,SEAFOOD,0,0,0
2211,1/2/2013,21,AUTOMOTIVE,0,0,0
2212,1/2/2013,21,BABY CARE,0,0,0
2213,1/2/2013,21,BEAUTY,0,0,0
2214,1/2/2013,21,BEVERAGES,0,0,0
2215,1/2/2013,21,BOOKS,0,0,0
2216,1/2/2013,21,BREAD/BAKERY,0,0,0
2217,1/2/2013,21,CELEBRATION,0,0,0
2218,1/2/2013,21,CLEANING,0,0,0
2219,1/2/2013,21,DAIRY,0,0,0
2220,1/2/2013,21,DELI,0,0,0
2221,1/2/2013,21,EGGS,0,0,0
2222,1/2/2013,21,FROZEN FOODS,0,0,0
2223,1/2/2013,21,GROCERY I,0,0,0
2224,1/2/2013,21,GROCERY II,0,0,0
2225,1/2/2013,21,HARDWARE,0,0,0
2226,1/2/2013,21,HOME AND KITCHEN I,0,0,0
2227,1/2/2013,21,HOME AND KITCHEN II,0,0,0
2228,1/2/2013,21,HOME APPLIANCES,0,0,0
2229,1/2/2013,21,HOME CARE,0,0,0
2230,1/2/2013,21,LADIESWEAR,0,0,0
2231,1/2/2013,21,LAWN AND GARDEN,0,0,0
2232,1/2/2013,21,LINGERIE,0,0,0
2233,1/2/2013,21,"LIQUOR,WINE,BEER",0,0,0
2234,1/2/2013,21,MAGAZINES,0,0,0
2235,1/2/2013,21,MEATS,0,0,0
2236,1/2/2013,21,PERSONAL CARE,0,0,0
2237,1/2/2013,21,PET SUPPLIES,0,0,0
2238,1/2/2013,21,PLAYERS AND ELECTRONICS,0,0,0
2239,1/2/2013,21,POULTRY,0,0,0
2240,1/2/2013,21,PREPARED FOODS,0,0,0
2241,1/2/2013,21,PRODUCE,0,0,0
2242,1/2/2013,21,SCHOOL AND OFFICE SUPPLIES,0,0,0
2243,1/2/2013,21,SEAFOOD,0,0,0
2244,1/2/2013,22,AUTOMOTIVE,0,0,0
2245,1/2/2013,22,BABY CARE,0,0,0
2246,1/2/2013,22,BEAUTY,0,0,0
2247,1/2/2013,22,BEVERAGES,0,0,0
2248,1/2/2013,22,BOOKS,0,0,0
2249,1/2/2013,22,BREAD/BAKERY,0,0,0
2250,1/2/2013,22,CELEBRATION,0,0,0
2251,1/2/2013,22,CLEANING,0,0,0
2252,1/2/2013,22,DAIRY,0,0,0
2253,1/2/2013,22,DELI,0,0,0
2254,1/2/2013,22,EGGS,0,0,0
2255,1/2/2013,22,FROZEN FOODS,0,0,0
2256,1/2/2013,22,GROCERY I,0,0,0
2257,1/2/2013,22,GROCERY II,0,0,0
2258,1/2/2013,22,HARDWARE,0,0,0
2259,1/2/2013,22,HOME AND KITCHEN I,0,0,0
2260,1/2/2013,22,HOME AND KITCHEN II,0,0,0
2261,1/2/2013,22,HOME APPLIANCES,0,0,0
2262,1/2/2013,22,HOME CARE,0,0,0
2263,1/2/2013,22,LADIESWEAR,0,0,0
2264,1/2/2013,22,LAWN AND GARDEN,0,0,0
2265,1/2/2013,22,LINGERIE,0,0,0
2266,1/2/2013,22,"LIQUOR,WINE,BEER",0,0,0
2267,1/2/2013,22,MAGAZINES,0,0,0
2268,1/2/2013,22,MEATS,0,0,0
2269,1/2/2013,22,PERSONAL CARE,0,0,0
2270,1/2/2013,22,PET SUPPLIES,0,0,0
2271,1/2/2013,22,PLAYERS AND ELECTRONICS,0,0,0
2272,1/2/2013,22,POULTRY,0,0,0
2273,1/2/2013,22,PREPARED FOODS,0,0,0
2274,1/2/2013,22,PRODUCE,0,0,0
2275,1/2/2013,22,SCHOOL AND OFFICE SUPPLIES,0,0,0
2276,1/2/2013,22,SEAFOOD,0,0,0
2277,1/2/2013,23,AUTOMOTIVE,1,0,0
2278,1/2/2013,23,BABY CARE,0,0,0
2279,1/2/2013,23,BEAUTY,0,0,0
2280,1/2/2013,23,BEVERAGES,838,0,0
2281,1/2/2013,23,BOOKS,0,0,0
2282,1/2/2013,23,BREAD/BAKERY,383.139,0,0
2283,1/2/2013,23,CELEBRATION,0,0,0
2284,1/2/2013,23,CLEANING,930,0,0
2285,1/2/2013,23,DAIRY,344,0,0
2286,1/2/2013,23,DELI,181.802,0,0
2287,1/2/2013,23,EGGS,114,0,0
2288,1/2/2013,23,FROZEN FOODS,98.882,0,0
2289,1/2/2013,23,GROCERY I,2476,0,0
2290,1/2/2013,23,GROCERY II,19,0,0
2291,1/2/2013,23,HARDWARE,0,0,0
2292,1/2/2013,23,HOME AND KITCHEN I,0,0,0
2293,1/2/2013,23,HOME AND KITCHEN II,0,0,0
2294,1/2/2013,23,HOME APPLIANCES,0,0,0
2295,1/2/2013,23,HOME CARE,0,0,0
2296,1/2/2013,23,LADIESWEAR,0,0,0
2297,1/2/2013,23,LAWN AND GARDEN,0,0,0
2298,1/2/2013,23,LINGERIE,4,0,0
2299,1/2/2013,23,"LIQUOR,WINE,BEER",26,0,0
2300,1/2/2013,23,MAGAZINES,0,0,0
2301,1/2/2013,23,MEATS,517.363,0,0
2302,1/2/2013,23,PERSONAL CARE,198,0,0
2303,1/2/2013,23,PET SUPPLIES,0,0,0
2304,1/2/2013,23,PLAYERS AND ELECTRONICS,0,0,0
2305,1/2/2013,23,POULTRY,342.012,0,0
2306,1/2/2013,23,PREPARED FOODS,62,0,0
2307,1/2/2013,23,PRODUCE,0,0,0
2308,1/2/2013,23,SCHOOL AND OFFICE SUPPLIES,0,0,0
2309,1/2/2013,23,SEAFOOD,25.139,0,0
2310,1/2/2013,24,AUTOMOTIVE,1,0,0
2311,1/2/2013,24,BABY CARE,0,0,0
2312,1/2/2013,24,BEAUTY,0,0,0
2313,1/2/2013,24,BEVERAGES,2312,0,0
2314,1/2/2013,24,BOOKS,0,0,0
2315,1/2/2013,24,BREAD/BAKERY,660.255,0,0
2316,1/2/2013,24,CELEBRATION,0,0,0
2317,1/2/2013,24,CLEANING,1519,0,0
2318,1/2/2013,24,DAIRY,693,0,0
2319,1/2/2013,24,DELI,284.943,0,0
2320,1/2/2013,24,EGGS,276,0,0
2321,1/2/2013,24,FROZEN FOODS,135.005,0,0
2322,1/2/2013,24,GROCERY I,3920,0,0
2323,1/2/2013,24,GROCERY II,24,0,0
2324,1/2/2013,24,HARDWARE,0,0,0
2325,1/2/2013,24,HOME AND KITCHEN I,0,0,0
2326,1/2/2013,24,HOME AND KITCHEN II,0,0,0
2327,1/2/2013,24,HOME APPLIANCES,0,0,0
2328,1/2/2013,24,HOME CARE,0,0,0
2329,1/2/2013,24,LADIESWEAR,0,0,0
2330,1/2/2013,24,LAWN AND GARDEN,2,0,0
2331,1/2/2013,24,LINGERIE,14,0,0
2332,1/2/2013,24,"LIQUOR,WINE,BEER",49,0,0
2333,1/2/2013,24,MAGAZINES,0,0,0
2334,1/2/2013,24,MEATS,453.601,0,0
2335,1/2/2013,24,PERSONAL CARE,339,0,0
2336,1/2/2013,24,PET SUPPLIES,0,0,0
2337,1/2/2013,24,PLAYERS AND ELECTRONICS,0,0,0
2338,1/2/2013,24,POULTRY,169.439,0,0
2339,1/2/2013,24,PREPARED FOODS,120.048996,0,0
2340,1/2/2013,24,PRODUCE,0,0,0
2341,1/2/2013,24,SCHOOL AND OFFICE SUPPLIES,0,0,0
2342,1/2/2013,24,SEAFOOD,46.561,0,0
2343,1/2/2013,25,AUTOMOTIVE,0,0,0
2344,1/2/2013,25,BABY CARE,0,0,0
2345,1/2/2013,25,BEAUTY,4,0,0
2346,1/2/2013,25,BEVERAGES,1373,0,0
2347,1/2/2013,25,BOOKS,0,0,0
2348,1/2/2013,25,BREAD/BAKERY,303.615,0,0
2349,1/2/2013,25,CELEBRATION,0,0,0
2350,1/2/2013,25,CLEANING,645,0,0
2351,1/2/2013,25,DAIRY,402,0,0
2352,1/2/2013,25,DELI,122.162,0,0
2353,1/2/2013,25,EGGS,136,0,0
2354,1/2/2013,25,FROZEN FOODS,80.861,0,0
2355,1/2/2013,25,GROCERY I,1521,0,0
2356,1/2/2013,25,GROCERY II,13,0,0
2357,1/2/2013,25,HARDWARE,0,0,0
2358,1/2/2013,25,HOME AND KITCHEN I,0,0,0
2359,1/2/2013,25,HOME AND KITCHEN II,0,0,0
2360,1/2/2013,25,HOME APPLIANCES,0,0,0
2361,1/2/2013,25,HOME CARE,0,0,0
2362,1/2/2013,25,LADIESWEAR,0,0,0
2363,1/2/2013,25,LAWN AND GARDEN,14,0,0
2364,1/2/2013,25,LINGERIE,10,0,0
2365,1/2/2013,25,"LIQUOR,WINE,BEER",113,0,0
2366,1/2/2013,25,MAGAZINES,0,0,0
2367,1/2/2013,25,MEATS,244.703,0,0
2368,1/2/2013,25,PERSONAL CARE,123,0,0
2369,1/2/2013,25,PET SUPPLIES,0,0,0
2370,1/2/2013,25,PLAYERS AND ELECTRONICS,0,0,0
2371,1/2/2013,25,POULTRY,115.302,0,0
2372,1/2/2013,25,PREPARED FOODS,95.581,0,0
2373,1/2/2013,25,PRODUCE,0,0,0
2374,1/2/2013,25,SCHOOL AND OFFICE SUPPLIES,0,0,0
2375,1/2/2013,25,SEAFOOD,0,0,0
2376,1/2/2013,26,AUTOMOTIVE,3,0,0
2377,1/2/2013,26,BABY CARE,0,0,0
2378,1/2/2013,26,BEAUTY,2,0,0
2379,1/2/2013,26,BEVERAGES,470,0,0
2380,1/2/2013,26,BOOKS,0,0,0
2381,1/2/2013,26,BREAD/BAKERY,439,0,0
2382,1/2/2013,26,CELEBRATION,0,0,0
2383,1/2/2013,26,CLEANING,800,0,0
2384,1/2/2013,26,DAIRY,220,0,0
2385,1/2/2013,26,DELI,172.846,0,0
2386,1/2/2013,26,EGGS,114,0,0
2387,1/2/2013,26,FROZEN FOODS,51.581,0,0
2388,1/2/2013,26,GROCERY I,2366,0,0
2389,1/2/2013,26,GROCERY II,7,0,0
2390,1/2/2013,26,HARDWARE,1,0,0
2391,1/2/2013,26,HOME AND KITCHEN I,0,0,0
2392,1/2/2013,26,HOME AND KITCHEN II,0,0,0
2393,1/2/2013,26,HOME APPLIANCES,0,0,0
2394,1/2/2013,26,HOME CARE,0,0,0
2395,1/2/2013,26,LADIESWEAR,0,0,0
2396,1/2/2013,26,LAWN AND GARDEN,0,0,0
2397,1/2/2013,26,LINGERIE,1,0,0
2398,1/2/2013,26,"LIQUOR,WINE,BEER",11,0,0
2399,1/2/2013,26,MAGAZINES,0,0,0
2400,1/2/2013,26,MEATS,381.225,0,0
2401,1/2/2013,26,PERSONAL CARE,316,0,0
2402,1/2/2013,26,PET SUPPLIES,0,0,0
2403,1/2/2013,26,PLAYERS AND ELECTRONICS,0,0,0
2404,1/2/2013,26,POULTRY,256.761,0,0
2405,1/2/2013,26,PREPARED FOODS,38,0,0
2406,1/2/2013,26,PRODUCE,0,0,0
2407,1/2/2013,26,SCHOOL AND OFFICE SUPPLIES,0,0,0
2408,1/2/2013,26,SEAFOOD,3,0,0
2409,1/2/2013,27,AUTOMOTIVE,7,0,0
2410,1/2/2013,27,BABY CARE,0,0,0
2411,1/2/2013,27,BEAUTY,2,0,0
2412,1/2/2013,27,BEVERAGES,1540,0,0
2413,1/2/2013,27,BOOKS,0,0,0
2414,1/2/2013,27,BREAD/BAKERY,524.026,0,0
2415,1/2/2013,27,CELEBRATION,0,0,0
2416,1/2/2013,27,CLEANING,758,0,0
2417,1/2/2013,27,DAIRY,439,0,0
2418,1/2/2013,27,DELI,220.08,0,0
2419,1/2/2013,27,EGGS,267,0,0
2420,1/2/2013,27,FROZEN FOODS,57,0,0
2421,1/2/2013,27,GROCERY I,2545,0,0
2422,1/2/2013,27,GROCERY II,27,0,0
2423,1/2/2013,27,HARDWARE,2,0,0
2424,1/2/2013,27,HOME AND KITCHEN I,0,0,0
2425,1/2/2013,27,HOME AND KITCHEN II,0,0,0
2426,1/2/2013,27,HOME APPLIANCES,0,0,0
2427,1/2/2013,27,HOME CARE,0,0,0
2428,1/2/2013,27,LADIESWEAR,0,0,0
2429,1/2/2013,27,LAWN AND GARDEN,1,0,0
2430,1/2/2013,27,LINGERIE,5,0,0
2431,1/2/2013,27,"LIQUOR,WINE,BEER",47,0,0
2432,1/2/2013,27,MAGAZINES,0,0,0
2433,1/2/2013,27,MEATS,214.951,0,0
2434,1/2/2013,27,PERSONAL CARE,169,0,0
2435,1/2/2013,27,PET SUPPLIES,0,0,0
2436,1/2/2013,27,PLAYERS AND ELECTRONICS,0,0,0
2437,1/2/2013,27,POULTRY,279.86,0,0
2438,1/2/2013,27,PREPARED FOODS,82.63,0,0
2439,1/2/2013,27,PRODUCE,0,0,0
2440,1/2/2013,27,SCHOOL AND OFFICE SUPPLIES,0,0,0
2441,1/2/2013,27,SEAFOOD,20,0,0
2442,1/2/2013,28,AUTOMOTIVE,3,0,0
2443,1/2/2013,28,BABY CARE,0,0,0
2444,1/2/2013,28,BEAUTY,1,0,0
2445,1/2/2013,28,BEVERAGES,786,0,0
2446,1/2/2013,28,BOOKS,0,0,0
2447,1/2/2013,28,BREAD/BAKERY,461,0,0
2448,1/2/2013,28,CELEBRATION,0,0,0
2449,1/2/2013,28,CLEANING,659,0,0
2450,1/2/2013,28,DAIRY,225,0,0
2451,1/2/2013,28,DELI,218.017,0,0
2452,1/2/2013,28,EGGS,110,0,0
2453,1/2/2013,28,FROZEN FOODS,47.268,0,0
2454,1/2/2013,28,GROCERY I,2133,0,0
2455,1/2/2013,28,GROCERY II,6,0,0
2456,1/2/2013,28,HARDWARE,0,0,0
2457,1/2/2013,28,HOME AND KITCHEN I,0,0,0
2458,1/2/2013,28,HOME AND KITCHEN II,0,0,0
2459,1/2/2013,28,HOME APPLIANCES,0,0,0
2460,1/2/2013,28,HOME CARE,0,0,0
2461,1/2/2013,28,LADIESWEAR,0,0,0
2462,1/2/2013,28,LAWN AND GARDEN,0,0,0
2463,1/2/2013,28,LINGERIE,3,0,0
2464,1/2/2013,28,"LIQUOR,WINE,BEER",45,0,0
2465,1/2/2013,28,MAGAZINES,0,0,0
2466,1/2/2013,28,MEATS,45.007,0,0
2467,1/2/2013,28,PERSONAL CARE,208,0,0
2468,1/2/2013,28,PET SUPPLIES,0,0,0
2469,1/2/2013,28,PLAYERS AND ELECTRONICS,0,0,0
2470,1/2/2013,28,POULTRY,155.425,0,0
2471,1/2/2013,28,PREPARED FOODS,57.757,0,0
2472,1/2/2013,28,PRODUCE,0,0,0
2473,1/2/2013,28,SCHOOL AND OFFICE SUPPLIES,0,0,0
2474,1/2/2013,28,SEAFOOD,13,0,0
2475,1/2/2013,29,AUTOMOTIVE,0,0,0
2476,1/2/2013,29,BABY CARE,0,0,0
2477,1/2/2013,29,BEAUTY,0,0,0
2478,1/2/2013,29,BEVERAGES,0,0,0
2479,1/2/2013,29,BOOKS,0,0,0
2480,1/2/2013,29,BREAD/BAKERY,0,0,0
2481,1/2/2013,29,CELEBRATION,0,0,0
2482,1/2/2013,29,CLEANING,0,0,0
2483,1/2/2013,29,DAIRY,0,0,0
2484,1/2/2013,29,DELI,0,0,0
2485,1/2/2013,29,EGGS,0,0,0
2486,1/2/2013,29,FROZEN FOODS,0,0,0
2487,1/2/2013,29,GROCERY I,0,0,0
2488,1/2/2013,29,GROCERY II,0,0,0
2489,1/2/2013,29,HARDWARE,0,0,0
2490,1/2/2013,29,HOME AND KITCHEN I,0,0,0
2491,1/2/2013,29,HOME AND KITCHEN II,0,0,0
2492,1/2/2013,29,HOME APPLIANCES,0,0,0
2493,1/2/2013,29,HOME CARE,0,0,0
2494,1/2/2013,29,LADIESWEAR,0,0,0
2495,1/2/2013,29,LAWN AND GARDEN,0,0,0
2496,1/2/2013,29,LINGERIE,0,0,0
2497,1/2/2013,29,"LIQUOR,WINE,BEER",0,0,0
2498,1/2/2013,29,MAGAZINES,0,0,0